1351651349.547,steps_lrtdp,56.44,"[('vertex3', 0), ('vertex4', 0), ('vertex2', 0), ('vertex5', 0), ('vertex6', 0), ('vertex7', 0), ('vertex8', 0), ('vertex7', 0), ('wait', 0), ('vertex10', 0), ('vertex11', 0), ('vertex9', 0)]",0:00:06.635914,"[3.734836007109285, 5.886977153004757, 5.755388779222474, 3.068354607929142, 3.0464733709651894, 5.027385006143852, 3.9887466703213965, 3.9887466703213965, 5.0, 8.301813054989859, 3.203248351283426, 5.501781529650191]","[0.349261, 0.473852, 0.439121, 0.491848, 0.496948, 0.033034, 0.51514, 0.619768, 0.637747, 0.634927, 0.747698, 0.853329]",2
1351651349.547,steps_lrtdp,56.44,"[('vertex3', 0), ('vertex4', 0), ('vertex2', 0), ('vertex5', 0), ('vertex6', 0), ('vertex7', 0), ('vertex8', 0), ('vertex7', 0), ('wait', 0), ('vertex10', 0), ('vertex11', 0), ('vertex9', 0)]",0:00:06.748909,"[3.734836007109285, 5.886977153004757, 5.755388779222474, 3.068354607929142, 3.0464733709651894, 5.027385006143852, 3.9887466703213965, 3.9887466703213965, 5.0, 8.301813054989859, 3.203248351283426, 5.501781529650191]","[0.376469, 0.438541, 0.455362, 0.50838, 0.528946, 0.035705, 0.532917, 0.614591, 0.644796, 0.665749, 0.753928, 0.822127]",5
1351651349.547,steps_lrtdp,56.44,"[('vertex3', 0), ('vertex4', 0), ('vertex2', 0), ('vertex5', 0), ('vertex6', 0), ('vertex7', 0), ('vertex8', 0), ('vertex7', 0), ('wait', 0), ('vertex10', 0), ('vertex11', 0), ('vertex9', 0)]",0:00:06.832399,"[3.734836007109285, 5.886977153004757, 5.755388779222474, 3.068354607929142, 3.0464733709651894, 5.027385006143852, 3.9887466703213965, 3.9887466703213965, 5.0, 8.301813054989859, 3.203248351283426, 5.501781529650191]","[0.412459, 0.446589, 0.461512, 0.538736, 0.512593, 0.035317, 0.509373, 0.644714, 0.632502, 0.669781, 0.746694, 0.84955]",8
1351647527.338,steps_lrtdp,39.98,"[('vertex3', 0), ('vertex4', 0), ('vertex2', 0), ('vertex5', 0), ('vertex6', 0), ('vertex7', 0), ('vertex8', 0), ('vertex9', 0), ('vertex10', 0), ('vertex11', 0)]",0:00:02.556599,"[3.734836007109285, 5.886977153004757, 5.755388779222474, 3.068354607929142, 3.0464733709651894, 5.027385006143852, 3.9887466703213965, 2.5066710992868604, 3.8263298341883702, 3.203248351283426]","[0.235395, 0.283732, 0.35174, 0.026556, 0.024206, 0.29376, 0.382514, 0.371989, 0.017625, 0.382763]",2
1351647527.338,steps_lrtdp,39.98,"[('vertex3', 0), ('vertex4', 0), ('vertex2', 0), ('vertex5', 0), ('vertex6', 0), ('vertex7', 0), ('vertex8', 0), ('vertex9', 0), ('vertex10', 0), ('vertex11', 0)]",0:00:02.705640,"[3.734836007109285, 5.886977153004757, 5.755388779222474, 3.068354607929142, 3.0464733709651894, 5.027385006143852, 3.9887466703213965, 2.5066710992868604, 3.8263298341883702, 3.203248351283426]","[0.25463, 0.297199, 0.358196, 0.02833, 0.026068, 0.356676, 0.347967, 0.403948, 0.027695, 0.390802]",5
1351647527.338,steps_lrtdp,39.98,"[('vertex3', 0), ('vertex4', 0), ('vertex2', 0), ('vertex5', 0), ('vertex6', 0), ('vertex7', 0), ('vertex8', 0), ('vertex9', 0), ('vertex10', 0), ('vertex11', 0)]",0:00:02.633264,"[3.734836007109285, 5.886977153004757, 5.755388779222474, 3.068354607929142, 3.0464733709651894, 5.027385006143852, 3.9887466703213965, 2.5066710992868604, 3.8263298341883702, 3.203248351283426]","[0.22678, 0.279034, 0.380209, 0.028616, 0.028018, 0.296363, 0.378552, 0.385996, 0.017853, 0.419345]",8
1351650999.49,steps_lrtdp,39.98,"[('vertex3', 0), ('vertex4', 0), ('vertex2', 0), ('vertex5', 0), ('vertex6', 0), ('vertex7', 0), ('vertex8', 0), ('vertex9', 0), ('vertex10', 0), ('vertex11', 0)]",0:00:03.538204,"[3.734836007109285, 5.886977153004757, 5.755388779222474, 3.068354607929142, 3.0464733709651894, 5.027385006143852, 3.9887466703213965, 2.5066710992868604, 3.8263298341883702, 3.203248351283426]","[0.301726, 0.270529, 0.340175, 0.398375, 0.387777, 0.403858, 0.355856, 0.410212, 0.024095, 0.414785]",2
1351650999.49,steps_lrtdp,39.98,"[('vertex3', 0), ('vertex4', 0), ('vertex2', 0), ('vertex5', 0), ('vertex6', 0), ('vertex7', 0), ('vertex8', 0), ('vertex9', 0), ('vertex10', 0), ('vertex11', 0)]",0:00:03.809441,"[3.734836007109285, 5.886977153004757, 5.755388779222474, 3.068354607929142, 3.0464733709651894, 5.027385006143852, 3.9887466703213965, 2.5066710992868604, 3.8263298341883702, 3.203248351283426]","[0.274766, 0.293033, 0.342115, 0.429672, 0.388388, 0.428768, 0.467429, 0.481638, 0.024926, 0.432946]",5
1351650999.49,steps_lrtdp,39.98,"[('vertex3', 0), ('vertex4', 0), ('vertex2', 0), ('vertex5', 0), ('vertex6', 0), ('vertex7', 0), ('vertex8', 0), ('vertex9', 0), ('vertex10', 0), ('vertex11', 0)]",0:00:03.514835,"[3.734836007109285, 5.886977153004757, 5.755388779222474, 3.068354607929142, 3.0464733709651894, 5.027385006143852, 3.9887466703213965, 2.5066710992868604, 3.8263298341883702, 3.203248351283426]","[0.266022, 0.289884, 0.327422, 0.385733, 0.382209, 0.411648, 0.390617, 0.378377, 0.024391, 0.434969]",8
1351646766.203,steps_lrtdp,51.1,"[('vertex3', 0), ('vertex4', 0), ('vertex2', 0), ('wait', 0), ('vertex5', 0), ('vertex2', 0), ('vertex5', 0), ('vertex6', 0), ('vertex7', 0), ('vertex8', 0), ('vertex9', 0), ('vertex10', 0), ('vertex11', 0)]",0:00:03.057243,"[3.734836007109285, 5.886977153004757, 5.755388779222474, 5.0, 3.068354607929142, 3.068354607929142, 3.068354607929142, 3.0464733709651894, 5.027385006143852, 3.9887466703213965, 2.5066710992868604, 3.8263298341883702, 3.203248351283426]","[0.182348, 0.271041, 0.240047, 0.521092, 0.312533, 0.332466, 0.024499, 0.345472, 0.019552, 0.256322, 0.016398, 0.338493, 0.016683]",2
1351646766.203,steps_lrtdp,51.1,"[('vertex3', 0), ('vertex4', 0), ('vertex2', 0), ('wait', 0), ('vertex5', 0), ('vertex2', 0), ('vertex5', 0), ('vertex6', 0), ('vertex7', 0), ('vertex8', 0), ('vertex9', 0), ('vertex10', 0), ('vertex11', 0)]",0:00:03.194943,"[3.734836007109285, 5.886977153004757, 5.755388779222474, 5.0, 3.068354607929142, 3.068354607929142, 3.068354607929142, 3.0464733709651894, 5.027385006143852, 3.9887466703213965, 2.5066710992868604, 3.8263298341883702, 3.203248351283426]","[0.231971, 0.289602, 0.258483, 0.573343, 0.31042, 0.348031, 0.027807, 0.320182, 0.02052, 0.276939, 0.017284, 0.316794, 0.016899]",5
1351646766.203,steps_lrtdp,51.1,"[('vertex3', 0), ('vertex4', 0), ('vertex2', 0), ('wait', 0), ('vertex5', 0), ('vertex2', 0), ('vertex5', 0), ('vertex6', 0), ('vertex7', 0), ('vertex8', 0), ('vertex9', 0), ('vertex10', 0), ('vertex11', 0)]",0:00:03.206339,"[3.734836007109285, 5.886977153004757, 5.755388779222474, 5.0, 3.068354607929142, 3.068354607929142, 3.068354607929142, 3.0464733709651894, 5.027385006143852, 3.9887466703213965, 2.5066710992868604, 3.8263298341883702, 3.203248351283426]","[0.202687, 0.310864, 0.263936, 0.521288, 0.329138, 0.335767, 0.029364, 0.327149, 0.02325, 0.266771, 0.020019, 0.380411, 0.014699]",8
1351647047.0,steps_lrtdp,39.98,"[('vertex3', 0), ('vertex4', 0), ('vertex2', 0), ('vertex5', 0), ('vertex6', 0), ('vertex7', 0), ('vertex8', 0), ('vertex9', 0), ('vertex10', 0), ('vertex11', 0)]",0:00:01.162333,"[3.734836007109285, 5.886977153004757, 5.755388779222474, 3.068354607929142, 3.0464733709651894, 5.027385006143852, 3.9887466703213965, 2.5066710992868604, 3.8263298341883702, 3.203248351283426]","[0.259437, 0.026861, 0.024663, 0.218035, 0.020139, 0.017195, 0.015868, 0.161532, 0.293727, 0.010665]",2
1351647047.0,steps_lrtdp,39.98,"[('vertex3', 0), ('vertex4', 0), ('vertex2', 0), ('vertex5', 0), ('vertex6', 0), ('vertex7', 0), ('vertex8', 0), ('vertex9', 0), ('vertex10', 0), ('vertex11', 0)]",0:00:01.247628,"[3.734836007109285, 5.886977153004757, 5.755388779222474, 3.068354607929142, 3.0464733709651894, 5.027385006143852, 3.9887466703213965, 2.5066710992868604, 3.8263298341883702, 3.203248351283426]","[0.300191, 0.027787, 0.025633, 0.221091, 0.02405, 0.017791, 0.016653, 0.156633, 0.318674, 0.013297]",5
1351647047.0,steps_lrtdp,39.98,"[('vertex3', 0), ('vertex4', 0), ('vertex2', 0), ('vertex5', 0), ('vertex6', 0), ('vertex7', 0), ('vertex8', 0), ('vertex9', 0), ('vertex10', 0), ('vertex11', 0)]",0:00:01.226288,"[3.734836007109285, 5.886977153004757, 5.755388779222474, 3.068354607929142, 3.0464733709651894, 5.027385006143852, 3.9887466703213965, 2.5066710992868604, 3.8263298341883702, 3.203248351283426]","[0.259776, 0.030508, 0.028012, 0.235712, 0.022986, 0.018183, 0.017148, 0.178282, 0.299702, 0.01323]",8
1351648463.573,steps_lrtdp,44.98,"[('vertex3', 0), ('vertex4', 0), ('vertex2', 0), ('vertex5', 0), ('vertex6', 0), ('vertex7', 0), ('vertex8', 0), ('vertex9', 0), ('vertex10', 0), ('wait', 0), ('vertex11', 0)]",0:00:02.722342,"[3.734836007109285, 5.886977153004757, 5.755388779222474, 3.068354607929142, 3.0464733709651894, 5.027385006143852, 3.9887466703213965, 2.5066710992868604, 3.8263298341883702, 5.0, 3.203248351283426]","[0.81457, 0.027933, 0.187974, 0.228976, 0.020625, 0.247361, 0.31651, 0.334743, 0.021723, 0.02578, 0.317086]",2
1351648463.573,steps_lrtdp,44.98,"[('vertex3', 0), ('vertex4', 0), ('vertex2', 0), ('vertex5', 0), ('vertex6', 0), ('vertex7', 0), ('vertex8', 0), ('vertex9', 0), ('vertex10', 0), ('wait', 0), ('vertex11', 0)]",0:00:02.778893,"[3.734836007109285, 5.886977153004757, 5.755388779222474, 3.068354607929142, 3.0464733709651894, 5.027385006143852, 3.9887466703213965, 2.5066710992868604, 3.8263298341883702, 5.0, 3.203248351283426]","[0.916615, 0.028447, 0.206277, 0.226246, 0.0213, 0.23353, 0.324234, 0.284065, 0.01812, 0.019555, 0.339011]",5
1351648463.573,steps_lrtdp,44.98,"[('vertex3', 0), ('vertex4', 0), ('vertex2', 0), ('vertex5', 0), ('vertex6', 0), ('vertex7', 0), ('vertex8', 0), ('vertex9', 0), ('vertex10', 0), ('wait', 0), ('vertex11', 0)]",0:00:02.839643,"[3.734836007109285, 5.886977153004757, 5.755388779222474, 3.068354607929142, 3.0464733709651894, 5.027385006143852, 3.9887466703213965, 2.5066710992868604, 3.8263298341883702, 5.0, 3.203248351283426]","[0.919193, 0.030287, 0.217863, 0.261455, 0.022424, 0.225023, 0.306947, 0.31786, 0.018424, 0.019443, 0.341421]",8
1351646024.421,steps_lrtdp,39.98,"[('vertex3', 0), ('vertex4', 0), ('vertex2', 0), ('vertex5', 0), ('vertex6', 0), ('vertex7', 0), ('vertex8', 0), ('vertex9', 0), ('vertex10', 0), ('vertex11', 0)]",0:00:01.304517,"[3.734836007109285, 5.886977153004757, 5.755388779222474, 3.068354607929142, 3.0464733709651894, 5.027385006143852, 3.9887466703213965, 2.5066710992868604, 3.8263298341883702, 3.203248351283426]","[0.432453, 0.030373, 0.213017, 0.021201, 0.19512, 0.018102, 0.015873, 0.24188, 0.012462, 0.010693]",2
1351646024.421,steps_lrtdp,39.98,"[('vertex3', 0), ('vertex4', 0), ('vertex2', 0), ('vertex5', 0), ('vertex6', 0), ('vertex7', 0), ('vertex8', 0), ('vertex9', 0), ('vertex10', 0), ('vertex11', 0)]",0:00:01.292684,"[3.734836007109285, 5.886977153004757, 5.755388779222474, 3.068354607929142, 3.0464733709651894, 5.027385006143852, 3.9887466703213965, 2.5066710992868604, 3.8263298341883702, 3.203248351283426]","[0.444163, 0.026999, 0.215801, 0.022678, 0.185184, 0.019641, 0.016891, 0.225766, 0.014013, 0.010521]",5
1351646024.421,steps_lrtdp,39.98,"[('vertex3', 0), ('vertex4', 0), ('vertex2', 0), ('vertex5', 0), ('vertex6', 0), ('vertex7', 0), ('vertex8', 0), ('vertex9', 0), ('vertex10', 0), ('vertex11', 0)]",0:00:01.274391,"[3.734836007109285, 5.886977153004757, 5.755388779222474, 3.068354607929142, 3.0464733709651894, 5.027385006143852, 3.9887466703213965, 2.5066710992868604, 3.8263298341883702, 3.203248351283426]","[0.426529, 0.025885, 0.182741, 0.024274, 0.216146, 0.019203, 0.017589, 0.229801, 0.012857, 0.01063]",8
1351648569.311,steps_lrtdp,44.98,"[('vertex3', 0), ('vertex4', 0), ('vertex2', 0), ('vertex5', 0), ('vertex6', 0), ('vertex7', 0), ('wait', 0), ('vertex8', 0), ('vertex9', 0), ('vertex10', 0), ('vertex11', 0)]",0:00:01.691290,"[3.734836007109285, 5.886977153004757, 5.755388779222474, 3.068354607929142, 3.0464733709651894, 5.027385006143852, 5.0, 3.9887466703213965, 2.5066710992868604, 3.8263298341883702, 3.203248351283426]","[0.279513, 0.025676, 0.287896, 0.021841, 0.020533, 0.284837, 0.027161, 0.01717, 0.289665, 0.015992, 0.298728]",2
1351648569.311,steps_lrtdp,44.98,"[('vertex3', 0), ('vertex4', 0), ('vertex2', 0), ('vertex5', 0), ('vertex6', 0), ('vertex7', 0), ('wait', 0), ('vertex8', 0), ('vertex9', 0), ('vertex10', 0), ('vertex11', 0)]",0:00:01.733639,"[3.734836007109285, 5.886977153004757, 5.755388779222474, 3.068354607929142, 3.0464733709651894, 5.027385006143852, 5.0, 3.9887466703213965, 2.5066710992868604, 3.8263298341883702, 3.203248351283426]","[0.30178, 0.028337, 0.290563, 0.024311, 0.021679, 0.299666, 0.030904, 0.018433, 0.276469, 0.016502, 0.297328]",5
1351648569.311,steps_lrtdp,44.98,"[('vertex3', 0), ('vertex4', 0), ('vertex2', 0), ('vertex5', 0), ('vertex6', 0), ('vertex7', 0), ('wait', 0), ('vertex8', 0), ('vertex9', 0), ('vertex10', 0), ('vertex11', 0)]",0:00:01.745300,"[3.734836007109285, 5.886977153004757, 5.755388779222474, 3.068354607929142, 3.0464733709651894, 5.027385006143852, 5.0, 3.9887466703213965, 2.5066710992868604, 3.8263298341883702, 3.203248351283426]","[0.300606, 0.028963, 0.295672, 0.027194, 0.023113, 0.274889, 0.029599, 0.017882, 0.296918, 0.014624, 0.303102]",8
1351646175.766,steps_lrtdp,39.98,"[('vertex3', 0), ('vertex4', 0), ('vertex2', 0), ('vertex5', 0), ('vertex6', 0), ('vertex7', 0), ('vertex8', 0), ('vertex9', 0), ('vertex10', 0), ('vertex11', 0)]",0:00:02.515418,"[3.734836007109285, 5.886977153004757, 5.755388779222474, 3.068354607929142, 3.0464733709651894, 5.027385006143852, 3.9887466703213965, 2.5066710992868604, 3.8263298341883702, 3.203248351283426]","[0.525306, 0.271769, 0.041287, 0.278723, 0.020002, 0.323924, 0.313768, 0.292181, 0.010547, 0.305074]",2
1351646175.766,steps_lrtdp,39.98,"[('vertex3', 0), ('vertex4', 0), ('vertex2', 0), ('vertex5', 0), ('vertex6', 0), ('vertex7', 0), ('vertex8', 0), ('vertex9', 0), ('vertex10', 0), ('vertex11', 0)]",0:00:02.595800,"[3.734836007109285, 5.886977153004757, 5.755388779222474, 3.068354607929142, 3.0464733709651894, 5.027385006143852, 3.9887466703213965, 2.5066710992868604, 3.8263298341883702, 3.203248351283426]","[0.533593, 0.279482, 0.028455, 0.294389, 0.022259, 0.33155, 0.301337, 0.29022, 0.012715, 0.357739]",5
1351646175.766,steps_lrtdp,39.98,"[('vertex3', 0), ('vertex4', 0), ('vertex2', 0), ('vertex5', 0), ('vertex6', 0), ('vertex7', 0), ('vertex8', 0), ('vertex9', 0), ('vertex10', 0), ('vertex11', 0)]",0:00:02.545257,"[3.734836007109285, 5.886977153004757, 5.755388779222474, 3.068354607929142, 3.0464733709651894, 5.027385006143852, 3.9887466703213965, 2.5066710992868604, 3.8263298341883702, 3.203248351283426]","[0.564198, 0.274726, 0.02892, 0.279526, 0.022219, 0.294964, 0.292515, 0.300953, 0.013346, 0.333238]",8
1351644262.636,steps_lrtdp,44.98,"[('vertex3', 0), ('vertex4', 0), ('vertex2', 0), ('vertex5', 0), ('vertex6', 0), ('vertex7', 0), ('vertex8', 0), ('wait', 0), ('vertex9', 0), ('vertex10', 0), ('vertex11', 0)]",0:00:01.941504,"[3.734836007109285, 5.886977153004757, 5.755388779222474, 3.068354607929142, 3.0464733709651894, 5.027385006143852, 3.9887466703213965, 5.0, 2.5066710992868604, 3.8263298341883702, 3.203248351283426]","[0.47819, 0.029179, 0.024356, 0.278115, 0.254525, 0.26311, 0.018892, 0.232638, 0.020232, 0.011803, 0.194173]",2
1351644262.636,steps_lrtdp,44.98,"[('vertex3', 0), ('vertex4', 0), ('vertex2', 0), ('vertex5', 0), ('vertex6', 0), ('vertex7', 0), ('vertex8', 0), ('wait', 0), ('vertex9', 0), ('vertex10', 0), ('vertex11', 0)]",0:00:01.928116,"[3.734836007109285, 5.886977153004757, 5.755388779222474, 3.068354607929142, 3.0464733709651894, 5.027385006143852, 3.9887466703213965, 5.0, 2.5066710992868604, 3.8263298341883702, 3.203248351283426]","[0.466493, 0.029757, 0.025783, 0.265946, 0.258613, 0.272748, 0.020236, 0.227014, 0.017401, 0.01268, 0.201967]",5
1351644262.636,steps_lrtdp,44.98,"[('vertex3', 0), ('vertex4', 0), ('vertex2', 0), ('vertex5', 0), ('vertex6', 0), ('vertex7', 0), ('vertex8', 0), ('wait', 0), ('vertex9', 0), ('vertex10', 0), ('vertex11', 0)]",0:00:01.914088,"[3.734836007109285, 5.886977153004757, 5.755388779222474, 3.068354607929142, 3.0464733709651894, 5.027385006143852, 3.9887466703213965, 5.0, 2.5066710992868604, 3.8263298341883702, 3.203248351283426]","[0.478091, 0.031602, 0.026802, 0.267388, 0.262496, 0.27392, 0.019058, 0.220777, 0.017841, 0.0125, 0.18369]",8
1351643495.253,steps_lrtdp,39.98,"[('vertex3', 0), ('vertex4', 0), ('vertex2', 0), ('vertex5', 0), ('vertex6', 0), ('vertex7', 0), ('vertex8', 0), ('vertex9', 0), ('vertex10', 0), ('vertex11', 0)]",0:00:02.125601,"[3.734836007109285, 5.886977153004757, 5.755388779222474, 3.068354607929142, 3.0464733709651894, 5.027385006143852, 3.9887466703213965, 2.5066710992868604, 3.8263298341883702, 3.203248351283426]","[0.262163, 0.037922, 0.304491, 0.384056, 0.3114, 0.017429, 0.332484, 0.321843, 0.014407, 0.011582]",2
1351643495.253,steps_lrtdp,39.98,"[('vertex3', 0), ('vertex4', 0), ('vertex2', 0), ('vertex5', 0), ('vertex6', 0), ('vertex7', 0), ('vertex8', 0), ('vertex9', 0), ('vertex10', 0), ('vertex11', 0)]",0:00:02.155084,"[3.734836007109285, 5.886977153004757, 5.755388779222474, 3.068354607929142, 3.0464733709651894, 5.027385006143852, 3.9887466703213965, 2.5066710992868604, 3.8263298341883702, 3.203248351283426]","[0.276555, 0.028615, 0.308471, 0.394666, 0.308215, 0.018045, 0.329806, 0.341523, 0.012194, 0.010354]",5
1351643495.253,steps_lrtdp,39.98,"[('vertex3', 0), ('vertex4', 0), ('vertex2', 0), ('vertex5', 0), ('vertex6', 0), ('vertex7', 0), ('vertex8', 0), ('vertex9', 0), ('vertex10', 0), ('vertex11', 0)]",0:00:02.273811,"[3.734836007109285, 5.886977153004757, 5.755388779222474, 3.068354607929142, 3.0464733709651894, 5.027385006143852, 3.9887466703213965, 2.5066710992868604, 3.8263298341883702, 3.203248351283426]","[0.270601, 0.029642, 0.275692, 0.409824, 0.314639, 0.019449, 0.388574, 0.386635, 0.021408, 0.011927]",8
1351648943.591,steps_lrtdp,44.98,"[('vertex3', 0), ('vertex4', 0), ('vertex2', 0), ('vertex5', 0), ('vertex6', 0), ('vertex7', 0), ('vertex8', 0), ('wait', 0), ('vertex9', 0), ('vertex10', 0), ('vertex11', 0)]",0:00:01.944397,"[3.734836007109285, 5.886977153004757, 5.755388779222474, 3.068354607929142, 3.0464733709651894, 5.027385006143852, 3.9887466703213965, 5.0, 2.5066710992868604, 3.8263298341883702, 3.203248351283426]","[0.284627, 0.025053, 0.260422, 0.216814, 0.245119, 0.019734, 0.238797, 0.263365, 0.018763, 0.010828, 0.223336]",2
1351648943.591,steps_lrtdp,44.98,"[('vertex3', 0), ('vertex4', 0), ('vertex2', 0), ('vertex5', 0), ('vertex6', 0), ('vertex7', 0), ('vertex8', 0), ('wait', 0), ('vertex9', 0), ('vertex10', 0), ('vertex11', 0)]",0:00:01.889110,"[3.734836007109285, 5.886977153004757, 5.755388779222474, 3.068354607929142, 3.0464733709651894, 5.027385006143852, 3.9887466703213965, 5.0, 2.5066710992868604, 3.8263298341883702, 3.203248351283426]","[0.268415, 0.026868, 0.225244, 0.215291, 0.252823, 0.023685, 0.237835, 0.242063, 0.017434, 0.010898, 0.226977]",5
1351648943.591,steps_lrtdp,44.98,"[('vertex3', 0), ('vertex4', 0), ('vertex2', 0), ('vertex5', 0), ('vertex6', 0), ('vertex7', 0), ('vertex8', 0), ('wait', 0), ('vertex9', 0), ('vertex10', 0), ('vertex11', 0)]",0:00:01.818835,"[3.734836007109285, 5.886977153004757, 5.755388779222474, 3.068354607929142, 3.0464733709651894, 5.027385006143852, 3.9887466703213965, 5.0, 2.5066710992868604, 3.8263298341883702, 3.203248351283426]","[0.26434, 0.028021, 0.232561, 0.227361, 0.228876, 0.020089, 0.210793, 0.242696, 0.020069, 0.011861, 0.206507]",8
1351650423.0,steps_lrtdp,49.98,"[('vertex3', 0), ('vertex4', 0), ('vertex2', 0), ('vertex5', 0), ('vertex6', 0), ('vertex7', 0), ('vertex8', 0), ('vertex9', 0), ('wait', 0), ('vertex10', 0), ('wait', 0), ('vertex11', 0)]",0:00:04.938959,"[3.734836007109285, 5.886977153004757, 5.755388779222474, 3.068354607929142, 3.0464733709651894, 5.027385006143852, 3.9887466703213965, 2.5066710992868604, 5.0, 3.8263298341883702, 5.0, 3.203248351283426]","[0.455816, 0.313972, 0.375748, 0.375119, 0.396228, 0.368727, 0.363057, 0.413067, 0.421708, 0.373325, 0.422323, 0.429493]",2
1351650423.0,steps_lrtdp,49.98,"[('vertex3', 0), ('vertex4', 0), ('vertex2', 0), ('vertex5', 0), ('vertex6', 0), ('vertex7', 0), ('vertex8', 0), ('vertex9', 0), ('wait', 0), ('vertex10', 0), ('wait', 0), ('vertex11', 0)]",0:00:05.076633,"[3.734836007109285, 5.886977153004757, 5.755388779222474, 3.068354607929142, 3.0464733709651894, 5.027385006143852, 3.9887466703213965, 2.5066710992868604, 5.0, 3.8263298341883702, 5.0, 3.203248351283426]","[0.460781, 0.343584, 0.351799, 0.357048, 0.399893, 0.385575, 0.379484, 0.40695, 0.437346, 0.398566, 0.45084, 0.447885]",5
1351650423.0,steps_lrtdp,49.98,"[('vertex3', 0), ('vertex4', 0), ('vertex2', 0), ('vertex5', 0), ('vertex6', 0), ('vertex7', 0), ('vertex8', 0), ('vertex9', 0), ('wait', 0), ('vertex10', 0), ('wait', 0), ('vertex11', 0)]",0:00:04.786845,"[3.734836007109285, 5.886977153004757, 5.755388779222474, 3.068354607929142, 3.0464733709651894, 5.027385006143852, 3.9887466703213965, 2.5066710992868604, 5.0, 3.8263298341883702, 5.0, 3.203248351283426]","[0.26402, 0.345203, 0.362596, 0.369466, 0.38911, 0.341627, 0.346989, 0.416246, 0.452095, 0.406753, 0.41868, 0.413382]",8
1351647935.174,steps_lrtdp,39.98,"[('vertex3', 0), ('vertex4', 0), ('vertex2', 0), ('vertex5', 0), ('vertex6', 0), ('vertex7', 0), ('vertex8', 0), ('vertex9', 0), ('vertex10', 0), ('vertex11', 0)]",0:00:02.975793,"[3.734836007109285, 5.886977153004757, 5.755388779222474, 3.068354607929142, 3.0464733709651894, 5.027385006143852, 3.9887466703213965, 2.5066710992868604, 3.8263298341883702, 3.203248351283426]","[0.535625, 0.28085, 0.02699, 0.280928, 0.271431, 0.315807, 0.326169, 0.334444, 0.382641, 0.022323]",2
1351647935.174,steps_lrtdp,39.98,"[('vertex3', 0), ('vertex4', 0), ('vertex2', 0), ('vertex5', 0), ('vertex6', 0), ('vertex7', 0), ('vertex8', 0), ('vertex9', 0), ('vertex10', 0), ('vertex11', 0)]",0:00:02.641074,"[3.734836007109285, 5.886977153004757, 5.755388779222474, 3.068354607929142, 3.0464733709651894, 5.027385006143852, 3.9887466703213965, 2.5066710992868604, 3.8263298341883702, 3.203248351283426]","[0.262921, 0.300748, 0.028043, 0.300348, 0.249164, 0.276219, 0.314031, 0.332322, 0.38008, 0.015494]",5
1351647935.174,steps_lrtdp,39.98,"[('vertex3', 0), ('vertex4', 0), ('vertex2', 0), ('vertex5', 0), ('vertex6', 0), ('vertex7', 0), ('vertex8', 0), ('vertex9', 0), ('vertex10', 0), ('vertex11', 0)]",0:00:02.714284,"[3.734836007109285, 5.886977153004757, 5.755388779222474, 3.068354607929142, 3.0464733709651894, 5.027385006143852, 3.9887466703213965, 2.5066710992868604, 3.8263298341883702, 3.203248351283426]","[0.27424, 0.296837, 0.029846, 0.290413, 0.256653, 0.304603, 0.325425, 0.366757, 0.369209, 0.016402]",8
1351644186.617,steps_lrtdp,39.98,"[('vertex3', 0), ('vertex4', 0), ('vertex2', 0), ('vertex5', 0), ('vertex6', 0), ('vertex7', 0), ('vertex8', 0), ('vertex9', 0), ('vertex10', 0), ('vertex11', 0)]",0:00:02.240136,"[3.734836007109285, 5.886977153004757, 5.755388779222474, 3.068354607929142, 3.0464733709651894, 5.027385006143852, 3.9887466703213965, 2.5066710992868604, 3.8263298341883702, 3.203248351283426]","[0.359491, 0.023988, 0.165241, 0.231515, 0.244441, 0.274559, 0.254937, 0.270554, 0.019262, 0.276814]",2
1351644186.617,steps_lrtdp,39.98,"[('vertex3', 0), ('vertex4', 0), ('vertex2', 0), ('vertex5', 0), ('vertex6', 0), ('vertex7', 0), ('vertex8', 0), ('vertex9', 0), ('vertex10', 0), ('vertex11', 0)]",0:00:01.927406,"[3.734836007109285, 5.886977153004757, 5.755388779222474, 3.068354607929142, 3.0464733709651894, 5.027385006143852, 3.9887466703213965, 2.5066710992868604, 3.8263298341883702, 3.203248351283426]","[0.151474, 0.023539, 0.147809, 0.237203, 0.222447, 0.218945, 0.248815, 0.254884, 0.015709, 0.285336]",5
1351644186.617,steps_lrtdp,39.98,"[('vertex3', 0), ('vertex4', 0), ('vertex2', 0), ('vertex5', 0), ('vertex6', 0), ('vertex7', 0), ('vertex8', 0), ('vertex9', 0), ('vertex10', 0), ('vertex11', 0)]",0:00:02.143711,"[3.734836007109285, 5.886977153004757, 5.755388779222474, 3.068354607929142, 3.0464733709651894, 5.027385006143852, 3.9887466703213965, 2.5066710992868604, 3.8263298341883702, 3.203248351283426]","[0.357111, 0.026822, 0.157241, 0.233692, 0.22397, 0.24115, 0.232362, 0.246508, 0.015368, 0.289517]",8
1351645749.881,steps_lrtdp,39.98,"[('vertex3', 0), ('vertex4', 0), ('vertex2', 0), ('vertex5', 0), ('vertex6', 0), ('vertex7', 0), ('vertex8', 0), ('vertex9', 0), ('vertex10', 0), ('vertex11', 0)]",0:00:01.634304,"[3.734836007109285, 5.886977153004757, 5.755388779222474, 3.068354607929142, 3.0464733709651894, 5.027385006143852, 3.9887466703213965, 2.5066710992868604, 3.8263298341883702, 3.203248351283426]","[0.191085, 0.22355, 0.017854, 0.015525, 0.325008, 0.371563, 0.186503, 0.221126, 0.009945, 0.00683]",2
1351645749.881,steps_lrtdp,39.98,"[('vertex3', 0), ('vertex4', 0), ('vertex2', 0), ('vertex5', 0), ('vertex6', 0), ('vertex7', 0), ('vertex8', 0), ('vertex9', 0), ('vertex10', 0), ('vertex11', 0)]",0:00:01.607019,"[3.734836007109285, 5.886977153004757, 5.755388779222474, 3.068354607929142, 3.0464733709651894, 5.027385006143852, 3.9887466703213965, 2.5066710992868604, 3.8263298341883702, 3.203248351283426]","[0.207584, 0.214562, 0.019151, 0.016582, 0.320015, 0.323289, 0.198213, 0.234523, 0.010354, 0.006695]",5
1351645749.881,steps_lrtdp,39.98,"[('vertex3', 0), ('vertex4', 0), ('vertex2', 0), ('vertex5', 0), ('vertex6', 0), ('vertex7', 0), ('vertex8', 0), ('vertex9', 0), ('vertex10', 0), ('vertex11', 0)]",0:00:01.504558,"[3.734836007109285, 5.886977153004757, 5.755388779222474, 3.068354607929142, 3.0464733709651894, 5.027385006143852, 3.9887466703213965, 2.5066710992868604, 3.8263298341883702, 3.203248351283426]","[0.197035, 0.234733, 0.020345, 0.017479, 0.288826, 0.292727, 0.177261, 0.203769, 0.010765, 0.006527]",8
1351651158.674,steps_lrtdp,46.66,"[('vertex3', 0), ('vertex4', 0), ('vertex2', 0), ('wait', 0), ('vertex5', 0), ('vertex6', 0), ('vertex7', 0), ('vertex8', 0), ('vertex9', 0), ('vertex11', 0), ('vertex10', 0)]",0:00:05.338056,"[3.734836007109285, 5.886977153004757, 5.755388779222474, 5.0, 3.068354607929142, 3.0464733709651894, 5.027385006143852, 3.9887466703213965, 2.5066710992868604, 5.501781529650191, 3.203248351283426]","[1.251001, 0.375358, 0.40047, 0.554509, 0.375074, 0.400314, 0.432791, 0.431766, 0.435186, 0.023176, 0.399002]",2
1351651158.674,steps_lrtdp,46.66,"[('vertex3', 0), ('vertex4', 0), ('vertex2', 0), ('wait', 0), ('vertex5', 0), ('vertex6', 0), ('vertex7', 0), ('vertex8', 0), ('vertex9', 0), ('vertex11', 0), ('vertex10', 0)]",0:00:05.353080,"[3.734836007109285, 5.886977153004757, 5.755388779222474, 5.0, 3.068354607929142, 3.0464733709651894, 5.027385006143852, 3.9887466703213965, 2.5066710992868604, 5.501781529650191, 3.203248351283426]","[1.056766, 0.393096, 0.438828, 0.627345, 0.430066, 0.393957, 0.416306, 0.445984, 0.456242, 0.023153, 0.413872]",5
1351651158.674,steps_lrtdp,46.66,"[('vertex3', 0), ('vertex4', 0), ('vertex2', 0), ('wait', 0), ('vertex5', 0), ('vertex6', 0), ('vertex7', 0), ('vertex8', 0), ('vertex9', 0), ('vertex11', 0), ('vertex10', 0)]",0:00:05.499479,"[3.734836007109285, 5.886977153004757, 5.755388779222474, 5.0, 3.068354607929142, 3.0464733709651894, 5.027385006143852, 3.9887466703213965, 2.5066710992868604, 5.501781529650191, 3.203248351283426]","[1.234394, 0.384331, 0.440536, 0.587767, 0.426429, 0.40986, 0.422532, 0.439044, 0.42097, 0.023792, 0.438567]",8
1351649955.723,steps_lrtdp,44.98,"[('vertex3', 0), ('vertex4', 0), ('vertex2', 0), ('vertex5', 0), ('vertex6', 0), ('vertex7', 0), ('vertex8', 0), ('wait', 0), ('vertex9', 0), ('vertex10', 0), ('vertex11', 0)]",0:00:02.106025,"[3.734836007109285, 5.886977153004757, 5.755388779222474, 3.068354607929142, 3.0464733709651894, 5.027385006143852, 3.9887466703213965, 5.0, 2.5066710992868604, 3.8263298341883702, 3.203248351283426]","[0.540995, 0.029125, 0.234358, 0.216795, 0.265972, 0.020738, 0.249145, 0.345851, 0.029949, 0.01476, 0.012472]",2
1351649955.723,steps_lrtdp,44.98,"[('vertex3', 0), ('vertex4', 0), ('vertex2', 0), ('vertex5', 0), ('vertex6', 0), ('vertex7', 0), ('vertex8', 0), ('wait', 0), ('vertex9', 0), ('vertex10', 0), ('vertex11', 0)]",0:00:02.013122,"[3.734836007109285, 5.886977153004757, 5.755388779222474, 3.068354607929142, 3.0464733709651894, 5.027385006143852, 3.9887466703213965, 5.0, 2.5066710992868604, 3.8263298341883702, 3.203248351283426]","[0.515422, 0.029608, 0.231184, 0.21053, 0.263048, 0.0213, 0.269618, 0.282679, 0.023031, 0.014657, 0.012377]",5
1351649955.723,steps_lrtdp,44.98,"[('vertex3', 0), ('vertex4', 0), ('vertex2', 0), ('vertex5', 0), ('vertex6', 0), ('vertex7', 0), ('vertex8', 0), ('wait', 0), ('vertex9', 0), ('vertex10', 0), ('vertex11', 0)]",0:00:02.065324,"[3.734836007109285, 5.886977153004757, 5.755388779222474, 3.068354607929142, 3.0464733709651894, 5.027385006143852, 3.9887466703213965, 5.0, 2.5066710992868604, 3.8263298341883702, 3.203248351283426]","[0.514657, 0.032447, 0.229628, 0.224455, 0.251587, 0.026893, 0.279232, 0.300023, 0.022626, 0.014378, 0.012487]",8
1351648517.098,steps_lrtdp,39.98,"[('vertex3', 0), ('vertex4', 0), ('vertex2', 0), ('vertex5', 0), ('vertex6', 0), ('vertex7', 0), ('vertex8', 0), ('vertex9', 0), ('vertex10', 0), ('vertex11', 0)]",0:00:02.840541,"[3.734836007109285, 5.886977153004757, 5.755388779222474, 3.068354607929142, 3.0464733709651894, 5.027385006143852, 3.9887466703213965, 2.5066710992868604, 3.8263298341883702, 3.203248351283426]","[0.425365, 0.370159, 0.028421, 0.02642, 0.023818, 0.324111, 0.33055, 0.34738, 0.350898, 0.42251]",2
1351648517.098,steps_lrtdp,39.98,"[('vertex3', 0), ('vertex4', 0), ('vertex2', 0), ('vertex5', 0), ('vertex6', 0), ('vertex7', 0), ('vertex8', 0), ('vertex9', 0), ('vertex10', 0), ('vertex11', 0)]",0:00:03.100924,"[3.734836007109285, 5.886977153004757, 5.755388779222474, 3.068354607929142, 3.0464733709651894, 5.027385006143852, 3.9887466703213965, 2.5066710992868604, 3.8263298341883702, 3.203248351283426]","[0.699973, 0.391105, 0.030151, 0.027451, 0.025194, 0.340594, 0.302269, 0.345353, 0.348015, 0.402089]",5
1351648517.098,steps_lrtdp,39.98,"[('vertex3', 0), ('vertex4', 0), ('vertex2', 0), ('vertex5', 0), ('vertex6', 0), ('vertex7', 0), ('vertex8', 0), ('vertex9', 0), ('vertex10', 0), ('vertex11', 0)]",0:00:02.895419,"[3.734836007109285, 5.886977153004757, 5.755388779222474, 3.068354607929142, 3.0464733709651894, 5.027385006143852, 3.9887466703213965, 2.5066710992868604, 3.8263298341883702, 3.203248351283426]","[0.408352, 0.354929, 0.030752, 0.027946, 0.025938, 0.387704, 0.391497, 0.327188, 0.333222, 0.417849]",8
1351649339.27,steps_lrtdp,49.79,"[('vertex3', 0), ('vertex4', 0), ('vertex2', 0), ('vertex5', 0), ('vertex7', 0), ('vertex6', 0), ('vertex8', 0), ('vertex9', 0), ('vertex10', 0), ('wait', 0), ('vertex11', 0)]",0:00:04.201709,"[3.734836007109285, 5.886977153004757, 5.755388779222474, 3.068354607929142, 5.8249463516842805, 5.027385006143852, 6.01139750806749, 2.5066710992868604, 3.8263298341883702, 5.0, 3.203248351283426]","[0.247844, 0.257569, 0.357741, 0.323965, 0.260018, 0.570431, 0.427754, 0.359297, 0.37617, 0.40575, 0.404199]",2
1351649339.27,steps_lrtdp,49.79,"[('vertex3', 0), ('vertex4', 0), ('vertex2', 0), ('vertex5', 0), ('vertex7', 0), ('vertex6', 0), ('vertex8', 0), ('vertex9', 0), ('vertex10', 0), ('wait', 0), ('vertex11', 0)]",0:00:04.212421,"[3.734836007109285, 5.886977153004757, 5.755388779222474, 3.068354607929142, 5.8249463516842805, 5.027385006143852, 6.01139750806749, 2.5066710992868604, 3.8263298341883702, 5.0, 3.203248351283426]","[0.239179, 0.268271, 0.354984, 0.367718, 0.254037, 0.566743, 0.378839, 0.388479, 0.371371, 0.412387, 0.418581]",5
1351649339.27,steps_lrtdp,49.79,"[('vertex3', 0), ('vertex4', 0), ('vertex2', 0), ('vertex5', 0), ('vertex7', 0), ('vertex6', 0), ('vertex8', 0), ('vertex9', 0), ('vertex10', 0), ('wait', 0), ('vertex11', 0)]",0:00:04.053292,"[3.734836007109285, 5.886977153004757, 5.755388779222474, 3.068354607929142, 5.8249463516842805, 5.027385006143852, 6.01139750806749, 2.5066710992868604, 3.8263298341883702, 5.0, 3.203248351283426]","[0.246262, 0.248418, 0.354161, 0.33684, 0.251359, 0.511735, 0.362314, 0.356391, 0.365742, 0.381716, 0.437965]",8
1351647770.436,steps_lrtdp,44.98,"[('vertex3', 0), ('vertex4', 0), ('vertex2', 0), ('vertex5', 0), ('vertex6', 0), ('vertex7', 0), ('vertex8', 0), ('vertex9', 0), ('vertex10', 0), ('wait', 0), ('vertex11', 0)]",0:00:03.716473,"[3.734836007109285, 5.886977153004757, 5.755388779222474, 3.068354607929142, 3.0464733709651894, 5.027385006143852, 3.9887466703213965, 2.5066710992868604, 3.8263298341883702, 5.0, 3.203248351283426]","[0.669278, 0.402069, 0.345484, 0.368865, 0.336709, 0.025628, 0.400503, 0.023677, 0.409788, 0.492416, 0.02705]",2
1351647770.436,steps_lrtdp,44.98,"[('vertex3', 0), ('vertex4', 0), ('vertex2', 0), ('vertex5', 0), ('vertex6', 0), ('vertex7', 0), ('vertex8', 0), ('vertex9', 0), ('vertex10', 0), ('wait', 0), ('vertex11', 0)]",0:00:03.736281,"[3.734836007109285, 5.886977153004757, 5.755388779222474, 3.068354607929142, 3.0464733709651894, 5.027385006143852, 3.9887466703213965, 2.5066710992868604, 3.8263298341883702, 5.0, 3.203248351283426]","[0.662387, 0.368745, 0.357838, 0.355218, 0.391916, 0.027871, 0.43179, 0.02639, 0.404398, 0.451517, 0.036581]",5
1351647770.436,steps_lrtdp,44.98,"[('vertex3', 0), ('vertex4', 0), ('vertex2', 0), ('vertex5', 0), ('vertex6', 0), ('vertex7', 0), ('vertex8', 0), ('vertex9', 0), ('vertex10', 0), ('wait', 0), ('vertex11', 0)]",0:00:03.834273,"[3.734836007109285, 5.886977153004757, 5.755388779222474, 3.068354607929142, 3.0464733709651894, 5.027385006143852, 3.9887466703213965, 2.5066710992868604, 3.8263298341883702, 5.0, 3.203248351283426]","[0.664024, 0.379807, 0.357207, 0.402972, 0.433434, 0.027654, 0.401861, 0.026854, 0.41896, 0.452493, 0.030629]",8
1351647808.246,steps_lrtdp,44.79,"[('vertex3', 0), ('vertex4', 0), ('vertex2', 0), ('vertex5', 0), ('vertex7', 0), ('vertex6', 0), ('vertex8', 0), ('vertex9', 0), ('vertex10', 0), ('vertex11', 0)]",0:00:03.395814,"[3.734836007109285, 5.886977153004757, 5.755388779222474, 3.068354607929142, 5.8249463516842805, 5.027385006143852, 6.01139750806749, 2.5066710992868604, 3.8263298341883702, 3.203248351283426]","[0.373449, 0.033529, 0.030327, 0.39555, 0.513461, 0.379065, 0.307528, 0.349748, 0.382478, 0.401326]",2
1351647808.246,steps_lrtdp,44.79,"[('vertex3', 0), ('vertex4', 0), ('vertex2', 0), ('vertex5', 0), ('vertex7', 0), ('vertex6', 0), ('vertex8', 0), ('vertex9', 0), ('vertex10', 0), ('vertex11', 0)]",0:00:03.417517,"[3.734836007109285, 5.886977153004757, 5.755388779222474, 3.068354607929142, 5.8249463516842805, 5.027385006143852, 6.01139750806749, 2.5066710992868604, 3.8263298341883702, 3.203248351283426]","[0.348526, 0.033832, 0.031212, 0.361478, 0.504576, 0.353558, 0.321839, 0.394972, 0.460567, 0.383341]",5
1351647808.246,steps_lrtdp,44.79,"[('vertex3', 0), ('vertex4', 0), ('vertex2', 0), ('vertex5', 0), ('vertex7', 0), ('vertex6', 0), ('vertex8', 0), ('vertex9', 0), ('vertex10', 0), ('vertex11', 0)]",0:00:03.488001,"[3.734836007109285, 5.886977153004757, 5.755388779222474, 3.068354607929142, 5.8249463516842805, 5.027385006143852, 6.01139750806749, 2.5066710992868604, 3.8263298341883702, 3.203248351283426]","[0.376367, 0.03571, 0.032768, 0.328944, 0.533729, 0.34695, 0.325256, 0.392027, 0.434876, 0.426417]",8
1351646115.197,steps_lrtdp,39.98,"[('vertex3', 0), ('vertex4', 0), ('vertex2', 0), ('vertex5', 0), ('vertex6', 0), ('vertex7', 0), ('vertex8', 0), ('vertex9', 0), ('vertex10', 0), ('vertex11', 0)]",0:00:02.102702,"[3.734836007109285, 5.886977153004757, 5.755388779222474, 3.068354607929142, 3.0464733709651894, 5.027385006143852, 3.9887466703213965, 2.5066710992868604, 3.8263298341883702, 3.203248351283426]","[0.20385, 0.211614, 0.229753, 0.028748, 0.020423, 0.184028, 0.232858, 0.238816, 0.263954, 0.339618]",2
1351646115.197,steps_lrtdp,39.98,"[('vertex3', 0), ('vertex4', 0), ('vertex2', 0), ('vertex5', 0), ('vertex6', 0), ('vertex7', 0), ('vertex8', 0), ('vertex9', 0), ('vertex10', 0), ('vertex11', 0)]",0:00:02.110854,"[3.734836007109285, 5.886977153004757, 5.755388779222474, 3.068354607929142, 3.0464733709651894, 5.027385006143852, 3.9887466703213965, 2.5066710992868604, 3.8263298341883702, 3.203248351283426]","[0.20371, 0.230794, 0.246323, 0.022863, 0.022259, 0.181004, 0.242385, 0.230669, 0.261576, 0.312227]",5
1351646115.197,steps_lrtdp,39.98,"[('vertex3', 0), ('vertex4', 0), ('vertex2', 0), ('vertex5', 0), ('vertex6', 0), ('vertex7', 0), ('vertex8', 0), ('vertex9', 0), ('vertex10', 0), ('vertex11', 0)]",0:00:02.116065,"[3.734836007109285, 5.886977153004757, 5.755388779222474, 3.068354607929142, 3.0464733709651894, 5.027385006143852, 3.9887466703213965, 2.5066710992868604, 3.8263298341883702, 3.203248351283426]","[0.213414, 0.190352, 0.223971, 0.023446, 0.021839, 0.193384, 0.238206, 0.255153, 0.278059, 0.333972]",8
1351651058.863,steps_lrtdp,39.98,"[('vertex3', 0), ('vertex4', 0), ('vertex2', 0), ('vertex5', 0), ('vertex6', 0), ('vertex7', 0), ('vertex8', 0), ('vertex9', 0), ('vertex10', 0), ('vertex11', 0)]",0:00:04.059204,"[3.734836007109285, 5.886977153004757, 5.755388779222474, 3.068354607929142, 3.0464733709651894, 5.027385006143852, 3.9887466703213965, 2.5066710992868604, 3.8263298341883702, 3.203248351283426]","[0.364095, 0.369709, 0.370746, 0.481346, 0.428472, 0.461174, 0.030308, 0.435322, 0.407145, 0.407443]",2
1351651058.863,steps_lrtdp,39.98,"[('vertex3', 0), ('vertex4', 0), ('vertex2', 0), ('vertex5', 0), ('vertex6', 0), ('vertex7', 0), ('vertex8', 0), ('vertex9', 0), ('vertex10', 0), ('vertex11', 0)]",0:00:04.046987,"[3.734836007109285, 5.886977153004757, 5.755388779222474, 3.068354607929142, 3.0464733709651894, 5.027385006143852, 3.9887466703213965, 2.5066710992868604, 3.8263298341883702, 3.203248351283426]","[0.367607, 0.390048, 0.376791, 0.493828, 0.450772, 0.465275, 0.031256, 0.436044, 0.379196, 0.362386]",5
1351651058.863,steps_lrtdp,39.98,"[('vertex3', 0), ('vertex4', 0), ('vertex2', 0), ('vertex5', 0), ('vertex6', 0), ('vertex7', 0), ('vertex8', 0), ('vertex9', 0), ('vertex10', 0), ('vertex11', 0)]",0:00:04.130552,"[3.734836007109285, 5.886977153004757, 5.755388779222474, 3.068354607929142, 3.0464733709651894, 5.027385006143852, 3.9887466703213965, 2.5066710992868604, 3.8263298341883702, 3.203248351283426]","[0.36455, 0.366893, 0.394831, 0.492598, 0.49431, 0.467072, 0.031607, 0.423436, 0.395208, 0.402192]",8
1351644080.68,steps_lrtdp,39.98,"[('vertex3', 0), ('vertex4', 0), ('vertex2', 0), ('vertex5', 0), ('vertex6', 0), ('vertex7', 0), ('vertex8', 0), ('vertex9', 0), ('vertex10', 0), ('vertex11', 0)]",0:00:01.564338,"[3.734836007109285, 5.886977153004757, 5.755388779222474, 3.068354607929142, 3.0464733709651894, 5.027385006143852, 3.9887466703213965, 2.5066710992868604, 3.8263298341883702, 3.203248351283426]","[0.362949, 0.020388, 0.17051, 0.192895, 0.014351, 0.013378, 0.237885, 0.235119, 0.014486, 0.22198]",2
1351644080.68,steps_lrtdp,39.98,"[('vertex3', 0), ('vertex4', 0), ('vertex2', 0), ('vertex5', 0), ('vertex6', 0), ('vertex7', 0), ('vertex8', 0), ('vertex9', 0), ('vertex10', 0), ('vertex11', 0)]",0:00:01.342266,"[3.734836007109285, 5.886977153004757, 5.755388779222474, 3.068354607929142, 3.0464733709651894, 5.027385006143852, 3.9887466703213965, 2.5066710992868604, 3.8263298341883702, 3.203248351283426]","[0.212094, 0.026194, 0.167182, 0.175811, 0.015108, 0.013586, 0.224871, 0.212359, 0.012097, 0.20936]",5
1351644080.68,steps_lrtdp,39.98,"[('vertex3', 0), ('vertex4', 0), ('vertex2', 0), ('vertex5', 0), ('vertex6', 0), ('vertex7', 0), ('vertex8', 0), ('vertex9', 0), ('vertex10', 0), ('vertex11', 0)]",0:00:01.443461,"[3.734836007109285, 5.886977153004757, 5.755388779222474, 3.068354607929142, 3.0464733709651894, 5.027385006143852, 3.9887466703213965, 2.5066710992868604, 3.8263298341883702, 3.203248351283426]","[0.240199, 0.021747, 0.15305, 0.277105, 0.015918, 0.014316, 0.226816, 0.20096, 0.010664, 0.210185]",8
1351647475.0,steps_lrtdp,44.98,"[('vertex3', 0), ('vertex4', 0), ('vertex2', 0), ('vertex5', 0), ('vertex6', 0), ('vertex7', 0), ('vertex8', 0), ('wait', 0), ('vertex9', 0), ('vertex10', 0), ('vertex11', 0)]",0:00:03.195335,"[3.734836007109285, 5.886977153004757, 5.755388779222474, 3.068354607929142, 3.0464733709651894, 5.027385006143852, 3.9887466703213965, 5.0, 2.5066710992868604, 3.8263298341883702, 3.203248351283426]","[0.589243, 0.322551, 0.340948, 0.024768, 0.024544, 0.269615, 0.341988, 0.027158, 0.375505, 0.338755, 0.328865]",2
1351647475.0,steps_lrtdp,44.98,"[('vertex3', 0), ('vertex4', 0), ('vertex2', 0), ('vertex5', 0), ('vertex6', 0), ('vertex7', 0), ('vertex8', 0), ('wait', 0), ('vertex9', 0), ('vertex10', 0), ('vertex11', 0)]",0:00:02.993315,"[3.734836007109285, 5.886977153004757, 5.755388779222474, 3.068354607929142, 3.0464733709651894, 5.027385006143852, 3.9887466703213965, 5.0, 2.5066710992868604, 3.8263298341883702, 3.203248351283426]","[0.551369, 0.30559, 0.313905, 0.025014, 0.02457, 0.283216, 0.333884, 0.021948, 0.343168, 0.307659, 0.294254]",5
1351647475.0,steps_lrtdp,44.98,"[('vertex3', 0), ('vertex4', 0), ('vertex2', 0), ('vertex5', 0), ('vertex6', 0), ('vertex7', 0), ('vertex8', 0), ('wait', 0), ('vertex9', 0), ('vertex10', 0), ('vertex11', 0)]",0:00:03.046842,"[3.734836007109285, 5.886977153004757, 5.755388779222474, 3.068354607929142, 3.0464733709651894, 5.027385006143852, 3.9887466703213965, 5.0, 2.5066710992868604, 3.8263298341883702, 3.203248351283426]","[0.59782, 0.32139, 0.303804, 0.025326, 0.025204, 0.276115, 0.341328, 0.022206, 0.338356, 0.300673, 0.298266]",8
1351644411.427,steps_lrtdp,46.47,"[('vertex3', 0), ('vertex4', 0), ('vertex2', 0), ('vertex5', 0), ('vertex7', 0), ('vertex6', 0), ('vertex8', 0), ('vertex9', 0), ('vertex11', 0), ('vertex10', 0)]",0:00:02.863195,"[3.734836007109285, 5.886977153004757, 5.755388779222474, 3.068354607929142, 5.8249463516842805, 5.027385006143852, 6.01139750806749, 2.5066710992868604, 5.501781529650191, 3.203248351283426]","[0.257606, 0.023866, 0.297309, 0.327144, 0.213219, 0.430922, 0.275102, 0.275383, 0.314495, 0.296812]",2
1351644411.427,steps_lrtdp,46.47,"[('vertex3', 0), ('vertex4', 0), ('vertex2', 0), ('vertex5', 0), ('vertex7', 0), ('vertex6', 0), ('vertex8', 0), ('vertex9', 0), ('vertex11', 0), ('vertex10', 0)]",0:00:02.984945,"[3.734836007109285, 5.886977153004757, 5.755388779222474, 3.068354607929142, 5.8249463516842805, 5.027385006143852, 6.01139750806749, 2.5066710992868604, 5.501781529650191, 3.203248351283426]","[0.327716, 0.027709, 0.295692, 0.315253, 0.215756, 0.446671, 0.295492, 0.277236, 0.317862, 0.307414]",5
1351644411.427,steps_lrtdp,46.47,"[('vertex3', 0), ('vertex4', 0), ('vertex2', 0), ('vertex5', 0), ('vertex7', 0), ('vertex6', 0), ('vertex8', 0), ('vertex9', 0), ('vertex11', 0), ('vertex10', 0)]",0:00:02.920383,"[3.734836007109285, 5.886977153004757, 5.755388779222474, 3.068354607929142, 5.8249463516842805, 5.027385006143852, 6.01139750806749, 2.5066710992868604, 5.501781529650191, 3.203248351283426]","[0.25346, 0.028625, 0.28658, 0.314405, 0.220328, 0.479382, 0.284244, 0.27346, 0.345438, 0.301203]",8
1351650423.271,steps_lrtdp,49.98,"[('vertex3', 0), ('vertex4', 0), ('vertex2', 0), ('vertex5', 0), ('vertex6', 0), ('vertex7', 0), ('vertex8', 0), ('vertex9', 0), ('wait', 0), ('vertex10', 0), ('wait', 0), ('vertex11', 0)]",0:00:04.974543,"[3.734836007109285, 5.886977153004757, 5.755388779222474, 3.068354607929142, 3.0464733709651894, 5.027385006143852, 3.9887466703213965, 2.5066710992868604, 5.0, 3.8263298341883702, 5.0, 3.203248351283426]","[0.50038, 0.306497, 0.374713, 0.394478, 0.395229, 0.383925, 0.35223, 0.363103, 0.443442, 0.393387, 0.419249, 0.41596]",2
1351650423.271,steps_lrtdp,49.98,"[('vertex3', 0), ('vertex4', 0), ('vertex2', 0), ('vertex5', 0), ('vertex6', 0), ('vertex7', 0), ('vertex8', 0), ('vertex9', 0), ('wait', 0), ('vertex10', 0), ('wait', 0), ('vertex11', 0)]",0:00:04.906180,"[3.734836007109285, 5.886977153004757, 5.755388779222474, 3.068354607929142, 3.0464733709651894, 5.027385006143852, 3.9887466703213965, 2.5066710992868604, 5.0, 3.8263298341883702, 5.0, 3.203248351283426]","[0.51657, 0.300714, 0.320676, 0.340864, 0.367325, 0.382822, 0.342373, 0.380617, 0.414024, 0.380676, 0.480526, 0.440645]",5
1351650423.271,steps_lrtdp,49.98,"[('vertex3', 0), ('vertex4', 0), ('vertex2', 0), ('vertex5', 0), ('vertex6', 0), ('vertex7', 0), ('vertex8', 0), ('vertex9', 0), ('wait', 0), ('vertex10', 0), ('wait', 0), ('vertex11', 0)]",0:00:05.006364,"[3.734836007109285, 5.886977153004757, 5.755388779222474, 3.068354607929142, 3.0464733709651894, 5.027385006143852, 3.9887466703213965, 2.5066710992868604, 5.0, 3.8263298341883702, 5.0, 3.203248351283426]","[0.545236, 0.283464, 0.349746, 0.367007, 0.411697, 0.377852, 0.346454, 0.372977, 0.45809, 0.383181, 0.419075, 0.443406]",8
1351645952.929,steps_lrtdp,49.98,"[('vertex3', 0), ('vertex4', 0), ('vertex2', 0), ('vertex5', 0), ('vertex6', 0), ('vertex7', 0), ('vertex8', 0), ('wait', 0), ('wait', 0), ('vertex9', 0), ('vertex10', 0), ('vertex11', 0)]",0:00:02.825969,"[3.734836007109285, 5.886977153004757, 5.755388779222474, 3.068354607929142, 3.0464733709651894, 5.027385006143852, 3.9887466703213965, 5.0, 5.0, 2.5066710992868604, 3.8263298341883702, 3.203248351283426]","[0.618445, 0.243024, 0.243185, 0.292657, 0.283641, 0.295947, 0.300571, 0.017031, 0.016809, 0.013164, 0.012877, 0.339886]",2
1351645952.929,steps_lrtdp,47.94,"[('vertex3', 0), ('vertex4', 0), ('vertex2', 0), ('vertex5', 0), ('vertex6', 0), ('vertex7', 0), ('vertex8', 0), ('vertex7', 0), ('vertex8', 0), ('vertex9', 0), ('vertex10', 0), ('vertex11', 0)]",0:00:02.600033,"[3.734836007109285, 5.886977153004757, 5.755388779222474, 3.068354607929142, 3.0464733709651894, 5.027385006143852, 3.9887466703213965, 3.9887466703213965, 3.9887466703213965, 2.5066710992868604, 3.8263298341883702, 3.203248351283426]","[0.285307, 0.289669, 0.296077, 0.318422, 0.325551, 0.31244, 0.271573, 0.038796, 0.019267, 0.014425, 0.012566, 0.242745]",5
1351645952.929,steps_lrtdp,47.94,"[('vertex3', 0), ('vertex4', 0), ('vertex2', 0), ('vertex5', 0), ('vertex6', 0), ('vertex7', 0), ('vertex8', 0), ('vertex7', 0), ('vertex8', 0), ('vertex9', 0), ('vertex10', 0), ('vertex11', 0)]",0:00:02.601333,"[3.734836007109285, 5.886977153004757, 5.755388779222474, 3.068354607929142, 3.0464733709651894, 5.027385006143852, 3.9887466703213965, 3.9887466703213965, 3.9887466703213965, 2.5066710992868604, 3.8263298341883702, 3.203248351283426]","[0.344786, 0.260736, 0.29835, 0.306209, 0.316083, 0.315583, 0.283458, 0.030779, 0.019756, 0.014548, 0.012404, 0.229376]",8
1351649169.963,steps_lrtdp,48.55,"[('vertex3', 0), ('vertex4', 0), ('vertex2', 0), ('vertex5', 0), ('vertex6', 0), ('vertex7', 0), ('vertex9', 0), ('vertex8', 0), ('vertex9', 0), ('wait', 0), ('vertex10', 0), ('vertex11', 0)]",0:00:02.229336,"[3.734836007109285, 5.886977153004757, 5.755388779222474, 3.068354607929142, 3.0464733709651894, 5.027385006143852, 5.056925943693463, 2.5066710992868604, 2.5066710992868604, 5.0, 3.8263298341883702, 3.203248351283426]","[0.239747, 0.158087, 0.241483, 0.02308, 0.022413, 0.288685, 0.288842, 0.236705, 0.018817, 0.019963, 0.248929, 0.260174]",2
1351649169.963,steps_lrtdp,48.55,"[('vertex3', 0), ('vertex4', 0), ('vertex2', 0), ('vertex5', 0), ('vertex6', 0), ('vertex7', 0), ('vertex9', 0), ('vertex8', 0), ('vertex9', 0), ('wait', 0), ('vertex10', 0), ('vertex11', 0)]",0:00:02.328589,"[3.734836007109285, 5.886977153004757, 5.755388779222474, 3.068354607929142, 3.0464733709651894, 5.027385006143852, 5.056925943693463, 2.5066710992868604, 2.5066710992868604, 5.0, 3.8263298341883702, 3.203248351283426]","[0.229297, 0.199313, 0.2502, 0.025333, 0.025326, 0.301586, 0.271284, 0.261434, 0.018482, 0.020484, 0.275853, 0.26739]",5
1351649169.963,steps_lrtdp,48.55,"[('vertex3', 0), ('vertex4', 0), ('vertex2', 0), ('vertex5', 0), ('vertex6', 0), ('vertex7', 0), ('vertex9', 0), ('vertex8', 0), ('vertex9', 0), ('wait', 0), ('vertex10', 0), ('vertex11', 0)]",0:00:02.252653,"[3.734836007109285, 5.886977153004757, 5.755388779222474, 3.068354607929142, 3.0464733709651894, 5.027385006143852, 5.056925943693463, 2.5066710992868604, 2.5066710992868604, 5.0, 3.8263298341883702, 3.203248351283426]","[0.211942, 0.195583, 0.204796, 0.025908, 0.025549, 0.285169, 0.289074, 0.259809, 0.018453, 0.022929, 0.266411, 0.265525]",8
1351651036.338,steps_lrtdp,39.98,"[('vertex3', 0), ('vertex4', 0), ('vertex2', 0), ('vertex5', 0), ('vertex6', 0), ('vertex7', 0), ('vertex8', 0), ('vertex9', 0), ('vertex10', 0), ('vertex11', 0)]",0:00:04.212586,"[3.734836007109285, 5.886977153004757, 5.755388779222474, 3.068354607929142, 3.0464733709651894, 5.027385006143852, 3.9887466703213965, 2.5066710992868604, 3.8263298341883702, 3.203248351283426]","[0.357527, 0.368935, 0.364184, 0.420871, 0.37998, 0.356444, 0.407808, 0.418201, 0.42217, 0.418578]",2
1351651036.338,steps_lrtdp,39.98,"[('vertex3', 0), ('vertex4', 0), ('vertex2', 0), ('vertex5', 0), ('vertex6', 0), ('vertex7', 0), ('vertex8', 0), ('vertex9', 0), ('vertex10', 0), ('vertex11', 0)]",0:00:04.155275,"[3.734836007109285, 5.886977153004757, 5.755388779222474, 3.068354607929142, 3.0464733709651894, 5.027385006143852, 3.9887466703213965, 2.5066710992868604, 3.8263298341883702, 3.203248351283426]","[0.371065, 0.345334, 0.368282, 0.419028, 0.362586, 0.35995, 0.425265, 0.395696, 0.424358, 0.411997]",5
1351651036.338,steps_lrtdp,39.98,"[('vertex3', 0), ('vertex4', 0), ('vertex2', 0), ('vertex5', 0), ('vertex6', 0), ('vertex7', 0), ('vertex8', 0), ('vertex9', 0), ('vertex10', 0), ('vertex11', 0)]",0:00:04.251839,"[3.734836007109285, 5.886977153004757, 5.755388779222474, 3.068354607929142, 3.0464733709651894, 5.027385006143852, 3.9887466703213965, 2.5066710992868604, 3.8263298341883702, 3.203248351283426]","[0.405747, 0.389527, 0.346816, 0.445769, 0.343451, 0.377491, 0.418833, 0.409745, 0.415523, 0.4048]",8
1351650538.285,steps_lrtdp,44.98,"[('vertex3', 0), ('vertex4', 0), ('vertex2', 0), ('wait', 0), ('vertex5', 0), ('vertex6', 0), ('vertex7', 0), ('vertex8', 0), ('vertex9', 0), ('vertex10', 0), ('vertex11', 0)]",0:00:02.959148,"[3.734836007109285, 5.886977153004757, 5.755388779222474, 5.0, 3.068354607929142, 3.0464733709651894, 5.027385006143852, 3.9887466703213965, 2.5066710992868604, 3.8263298341883702, 3.203248351283426]","[0.275946, 0.031696, 0.265131, 0.552256, 0.333047, 0.270049, 0.021858, 0.318421, 0.325898, 0.352328, 0.018659]",2
1351650538.285,steps_lrtdp,44.98,"[('vertex3', 0), ('vertex4', 0), ('vertex2', 0), ('wait', 0), ('vertex5', 0), ('vertex6', 0), ('vertex7', 0), ('vertex8', 0), ('vertex9', 0), ('vertex10', 0), ('vertex11', 0)]",0:00:02.778742,"[3.734836007109285, 5.886977153004757, 5.755388779222474, 5.0, 3.068354607929142, 3.0464733709651894, 5.027385006143852, 3.9887466703213965, 2.5066710992868604, 3.8263298341883702, 3.203248351283426]","[0.282532, 0.034083, 0.29981, 0.331081, 0.318049, 0.267957, 0.023076, 0.349689, 0.324131, 0.342434, 0.018277]",5
1351650538.285,steps_lrtdp,44.98,"[('vertex3', 0), ('vertex4', 0), ('vertex2', 0), ('wait', 0), ('vertex5', 0), ('vertex6', 0), ('vertex7', 0), ('vertex8', 0), ('vertex9', 0), ('vertex10', 0), ('vertex11', 0)]",0:00:02.846737,"[3.734836007109285, 5.886977153004757, 5.755388779222474, 5.0, 3.068354607929142, 3.0464733709651894, 5.027385006143852, 3.9887466703213965, 2.5066710992868604, 3.8263298341883702, 3.203248351283426]","[0.288063, 0.034994, 0.267029, 0.337146, 0.340584, 0.300493, 0.02271, 0.354799, 0.316599, 0.373922, 0.020912]",8
1351648873.953,steps_lrtdp,44.98,"[('vertex3', 0), ('vertex4', 0), ('vertex2', 0), ('vertex5', 0), ('vertex6', 0), ('vertex7', 0), ('vertex8', 0), ('vertex9', 0), ('vertex10', 0), ('wait', 0), ('vertex11', 0)]",0:00:02.271035,"[3.734836007109285, 5.886977153004757, 5.755388779222474, 3.068354607929142, 3.0464733709651894, 5.027385006143852, 3.9887466703213965, 2.5066710992868604, 3.8263298341883702, 5.0, 3.203248351283426]","[0.268238, 0.028543, 0.024359, 0.021646, 0.23494, 0.020043, 0.322362, 0.320308, 0.267781, 0.342204, 0.275776]",2
1351648873.953,steps_lrtdp,44.98,"[('vertex3', 0), ('vertex4', 0), ('vertex2', 0), ('vertex5', 0), ('vertex6', 0), ('vertex7', 0), ('vertex8', 0), ('vertex9', 0), ('vertex10', 0), ('wait', 0), ('vertex11', 0)]",0:00:02.301696,"[3.734836007109285, 5.886977153004757, 5.755388779222474, 3.068354607929142, 3.0464733709651894, 5.027385006143852, 3.9887466703213965, 2.5066710992868604, 3.8263298341883702, 5.0, 3.203248351283426]","[0.269491, 0.027743, 0.023792, 0.020769, 0.243125, 0.01888, 0.346553, 0.308782, 0.270676, 0.345954, 0.294001]",5
1351648873.953,steps_lrtdp,44.98,"[('vertex3', 0), ('vertex4', 0), ('vertex2', 0), ('vertex5', 0), ('vertex6', 0), ('vertex7', 0), ('vertex8', 0), ('vertex9', 0), ('vertex10', 0), ('wait', 0), ('vertex11', 0)]",0:00:02.298517,"[3.734836007109285, 5.886977153004757, 5.755388779222474, 3.068354607929142, 3.0464733709651894, 5.027385006143852, 3.9887466703213965, 2.5066710992868604, 3.8263298341883702, 5.0, 3.203248351283426]","[0.278309, 0.030955, 0.027584, 0.024526, 0.252446, 0.019486, 0.328173, 0.300519, 0.25404, 0.336359, 0.299281]",8
1351643664.117,steps_lrtdp,48.45,"[('vertex3', 0), ('vertex4', 0), ('vertex2', 0), ('vertex5', 0), ('vertex6', 0), ('vertex8', 0), ('vertex7', 0), ('vertex10', 0), ('vertex11', 0), ('vertex9', 0)]",0:00:02.626190,"[3.734836007109285, 5.886977153004757, 5.755388779222474, 3.068354607929142, 3.0464733709651894, 6.01139750806749, 3.9887466703213965, 8.301813054989859, 3.203248351283426, 5.501781529650191]","[0.213154, 0.196604, 0.261995, 0.289424, 0.279263, 0.326341, 0.309637, 0.288414, 0.013673, 0.306541]",2
1351643664.117,steps_lrtdp,48.45,"[('vertex3', 0), ('vertex4', 0), ('vertex2', 0), ('vertex5', 0), ('vertex6', 0), ('vertex8', 0), ('vertex7', 0), ('vertex10', 0), ('vertex11', 0), ('vertex9', 0)]",0:00:02.698762,"[3.734836007109285, 5.886977153004757, 5.755388779222474, 3.068354607929142, 3.0464733709651894, 6.01139750806749, 3.9887466703213965, 8.301813054989859, 3.203248351283426, 5.501781529650191]","[0.211122, 0.218897, 0.263459, 0.280445, 0.310753, 0.316985, 0.354015, 0.295867, 0.013263, 0.298338]",5
1351643664.117,steps_lrtdp,48.45,"[('vertex3', 0), ('vertex4', 0), ('vertex2', 0), ('vertex5', 0), ('vertex6', 0), ('vertex8', 0), ('vertex7', 0), ('vertex10', 0), ('vertex11', 0), ('vertex9', 0)]",0:00:02.646808,"[3.734836007109285, 5.886977153004757, 5.755388779222474, 3.068354607929142, 3.0464733709651894, 6.01139750806749, 3.9887466703213965, 8.301813054989859, 3.203248351283426, 5.501781529650191]","[0.213409, 0.211568, 0.276816, 0.278396, 0.291103, 0.312289, 0.313369, 0.288224, 0.016703, 0.296204]",8
1351648641.592,steps_lrtdp,39.98,"[('vertex3', 0), ('vertex4', 0), ('vertex2', 0), ('vertex5', 0), ('vertex6', 0), ('vertex7', 0), ('vertex8', 0), ('vertex9', 0), ('vertex10', 0), ('vertex11', 0)]",0:00:00.947758,"[3.734836007109285, 5.886977153004757, 5.755388779222474, 3.068354607929142, 3.0464733709651894, 5.027385006143852, 3.9887466703213965, 2.5066710992868604, 3.8263298341883702, 3.203248351283426]","[0.433507, 0.026176, 0.023382, 0.021233, 0.019827, 0.019219, 0.236164, 0.022282, 0.011319, 0.019494]",2
1351648641.592,steps_lrtdp,39.98,"[('vertex3', 0), ('vertex4', 0), ('vertex2', 0), ('vertex5', 0), ('vertex6', 0), ('vertex7', 0), ('vertex8', 0), ('vertex9', 0), ('vertex10', 0), ('vertex11', 0)]",0:00:00.960061,"[3.734836007109285, 5.886977153004757, 5.755388779222474, 3.068354607929142, 3.0464733709651894, 5.027385006143852, 3.9887466703213965, 2.5066710992868604, 3.8263298341883702, 3.203248351283426]","[0.478913, 0.027336, 0.02467, 0.022426, 0.02061, 0.020572, 0.221899, 0.014263, 0.011434, 0.009967]",5
1351648641.592,steps_lrtdp,39.98,"[('vertex3', 0), ('vertex4', 0), ('vertex2', 0), ('vertex5', 0), ('vertex6', 0), ('vertex7', 0), ('vertex8', 0), ('vertex9', 0), ('vertex10', 0), ('vertex11', 0)]",0:00:00.946732,"[3.734836007109285, 5.886977153004757, 5.755388779222474, 3.068354607929142, 3.0464733709651894, 5.027385006143852, 3.9887466703213965, 2.5066710992868604, 3.8263298341883702, 3.203248351283426]","[0.471502, 0.028856, 0.025808, 0.0232, 0.021506, 0.021299, 0.211673, 0.014069, 0.011061, 0.009773]",8
1351642058.707,steps_lrtdp,44.98,"[('vertex3', 0), ('vertex4', 0), ('vertex2', 0), ('vertex5', 0), ('vertex6', 0), ('vertex7', 0), ('vertex8', 0), ('wait', 0), ('vertex9', 0), ('vertex10', 0), ('vertex11', 0)]",0:00:01.981725,"[3.734836007109285, 5.886977153004757, 5.755388779222474, 3.068354607929142, 3.0464733709651894, 5.027385006143852, 3.9887466703213965, 5.0, 2.5066710992868604, 3.8263298341883702, 3.203248351283426]","[0.126459, 0.170958, 0.25489, 0.178064, 0.017148, 0.194158, 0.238239, 0.206538, 0.230409, 0.0198, 0.241609]",2
1351642058.707,steps_lrtdp,44.98,"[('vertex3', 0), ('vertex4', 0), ('vertex2', 0), ('vertex5', 0), ('vertex6', 0), ('vertex7', 0), ('vertex8', 0), ('wait', 0), ('vertex9', 0), ('vertex10', 0), ('vertex11', 0)]",0:00:01.980390,"[3.734836007109285, 5.886977153004757, 5.755388779222474, 3.068354607929142, 3.0464733709651894, 5.027385006143852, 3.9887466703213965, 5.0, 2.5066710992868604, 3.8263298341883702, 3.203248351283426]","[0.153741, 0.177329, 0.255175, 0.178586, 0.017535, 0.201133, 0.261494, 0.206845, 0.210396, 0.012342, 0.20343]",5
1351642058.707,steps_lrtdp,44.98,"[('vertex3', 0), ('vertex4', 0), ('vertex2', 0), ('vertex5', 0), ('vertex6', 0), ('vertex7', 0), ('vertex8', 0), ('wait', 0), ('vertex9', 0), ('vertex10', 0), ('vertex11', 0)]",0:00:01.907359,"[3.734836007109285, 5.886977153004757, 5.755388779222474, 3.068354607929142, 3.0464733709651894, 5.027385006143852, 3.9887466703213965, 5.0, 2.5066710992868604, 3.8263298341883702, 3.203248351283426]","[0.137282, 0.155664, 0.229263, 0.165559, 0.018955, 0.210586, 0.245032, 0.197193, 0.226363, 0.01287, 0.215439]",8
1351651158.0,steps_lrtdp,53.82,"[('vertex3', 0), ('vertex4', 0), ('vertex2', 0), ('wait', 0), ('vertex5', 0), ('vertex6', 0), ('vertex5', 0), ('vertex7', 0), ('vertex8', 0), ('wait', 0), ('vertex9', 0), ('vertex10', 0), ('vertex11', 0)]",0:00:06.904037,"[3.734836007109285, 5.886977153004757, 5.755388779222474, 5.0, 3.068354607929142, 3.0464733709651894, 3.0464733709651894, 5.8249463516842805, 3.9887466703213965, 5.0, 2.5066710992868604, 3.8263298341883702, 3.203248351283426]","[1.173053, 0.368433, 0.499817, 0.68569, 0.399613, 0.408952, 0.489618, 0.519434, 0.462704, 0.470729, 0.488212, 0.024768, 0.572499]",2
1351651158.0,steps_lrtdp,53.82,"[('vertex3', 0), ('vertex4', 0), ('vertex2', 0), ('wait', 0), ('vertex5', 0), ('vertex6', 0), ('vertex5', 0), ('vertex7', 0), ('vertex8', 0), ('wait', 0), ('vertex9', 0), ('vertex10', 0), ('vertex11', 0)]",0:00:06.757291,"[3.734836007109285, 5.886977153004757, 5.755388779222474, 5.0, 3.068354607929142, 3.0464733709651894, 3.0464733709651894, 5.8249463516842805, 3.9887466703213965, 5.0, 2.5066710992868604, 3.8263298341883702, 3.203248351283426]","[1.191683, 0.347985, 0.495344, 0.600071, 0.39652, 0.391412, 0.466795, 0.494022, 0.490388, 0.493786, 0.472763, 0.024205, 0.611601]",5
1351651158.0,steps_lrtdp,52.57,"[('vertex3', 0), ('vertex4', 0), ('vertex2', 0), ('vertex7', 0), ('vertex5', 0), ('vertex6', 0), ('vertex8', 0), ('wait', 0), ('vertex9', 0), ('vertex10', 0), ('vertex11', 0)]",0:00:05.858980,"[3.734836007109285, 5.886977153004757, 5.755388779222474, 7.821713367287248, 5.8249463516842805, 3.0464733709651894, 6.01139750806749, 5.0, 2.5066710992868604, 3.8263298341883702, 3.203248351283426]","[0.479679, 0.366819, 0.475073, 1.170547, 0.518035, 0.461759, 0.469886, 0.523144, 0.499203, 0.026053, 0.61096]",8
1351643063.064,steps_lrtdp,43.55,"[('vertex3', 0), ('vertex4', 0), ('vertex2', 0), ('vertex5', 0), ('vertex6', 0), ('vertex7', 0), ('vertex9', 0), ('vertex8', 0), ('vertex9', 0), ('vertex10', 0), ('vertex11', 0)]",0:00:01.363983,"[3.734836007109285, 5.886977153004757, 5.755388779222474, 3.068354607929142, 3.0464733709651894, 5.027385006143852, 5.056925943693463, 2.5066710992868604, 2.5066710992868604, 3.8263298341883702, 3.203248351283426]","[0.244991, 0.179017, 0.2176, 0.019566, 0.018051, 0.020382, 0.183274, 0.193727, 0.013528, 0.010976, 0.154762]",2
1351643063.064,steps_lrtdp,43.55,"[('vertex3', 0), ('vertex4', 0), ('vertex2', 0), ('vertex5', 0), ('vertex6', 0), ('vertex7', 0), ('vertex9', 0), ('vertex8', 0), ('vertex9', 0), ('vertex10', 0), ('vertex11', 0)]",0:00:01.409164,"[3.734836007109285, 5.886977153004757, 5.755388779222474, 3.068354607929142, 3.0464733709651894, 5.027385006143852, 5.056925943693463, 2.5066710992868604, 2.5066710992868604, 3.8263298341883702, 3.203248351283426]","[0.231592, 0.175353, 0.236317, 0.020918, 0.018742, 0.017844, 0.203343, 0.204725, 0.015099, 0.011493, 0.157595]",5
1351643063.064,steps_lrtdp,43.55,"[('vertex3', 0), ('vertex4', 0), ('vertex2', 0), ('vertex5', 0), ('vertex6', 0), ('vertex7', 0), ('vertex9', 0), ('vertex8', 0), ('vertex9', 0), ('vertex10', 0), ('vertex11', 0)]",0:00:01.472383,"[3.734836007109285, 5.886977153004757, 5.755388779222474, 3.068354607929142, 3.0464733709651894, 5.027385006143852, 5.056925943693463, 2.5066710992868604, 2.5066710992868604, 3.8263298341883702, 3.203248351283426]","[0.238927, 0.191771, 0.22587, 0.022965, 0.020842, 0.020049, 0.189385, 0.223622, 0.019675, 0.014115, 0.169015]",8
1351647438.026,steps_lrtdp,39.98,"[('vertex3', 0), ('vertex4', 0), ('vertex2', 0), ('vertex5', 0), ('vertex6', 0), ('vertex7', 0), ('vertex8', 0), ('vertex9', 0), ('vertex10', 0), ('vertex11', 0)]",0:00:03.101877,"[3.734836007109285, 5.886977153004757, 5.755388779222474, 3.068354607929142, 3.0464733709651894, 5.027385006143852, 3.9887466703213965, 2.5066710992868604, 3.8263298341883702, 3.203248351283426]","[0.933107, 0.031769, 0.351382, 0.387523, 0.026187, 0.025693, 0.400722, 0.386888, 0.022214, 0.316107]",2
1351647438.026,steps_lrtdp,39.98,"[('vertex3', 0), ('vertex4', 0), ('vertex2', 0), ('vertex5', 0), ('vertex6', 0), ('vertex7', 0), ('vertex8', 0), ('vertex9', 0), ('vertex10', 0), ('vertex11', 0)]",0:00:02.460211,"[3.734836007109285, 5.886977153004757, 5.755388779222474, 3.068354607929142, 3.0464733709651894, 5.027385006143852, 3.9887466703213965, 2.5066710992868604, 3.8263298341883702, 3.203248351283426]","[0.313262, 0.03471, 0.338694, 0.380215, 0.028903, 0.028225, 0.366007, 0.392843, 0.027636, 0.31441]",5
1351647438.026,steps_lrtdp,39.98,"[('vertex3', 0), ('vertex4', 0), ('vertex2', 0), ('vertex5', 0), ('vertex6', 0), ('vertex7', 0), ('vertex8', 0), ('vertex9', 0), ('vertex10', 0), ('vertex11', 0)]",0:00:02.751000,"[3.734836007109285, 5.886977153004757, 5.755388779222474, 3.068354607929142, 3.0464733709651894, 5.027385006143852, 3.9887466703213965, 2.5066710992868604, 3.8263298341883702, 3.203248351283426]","[0.562523, 0.034137, 0.35493, 0.411632, 0.027581, 0.026979, 0.393467, 0.385403, 0.022542, 0.302498]",8
1351651316.591,steps_lrtdp,44.98,"[('vertex3', 0), ('vertex4', 0), ('vertex2', 0), ('vertex5', 0), ('vertex6', 0), ('vertex7', 0), ('vertex8', 0), ('wait', 0), ('vertex9', 0), ('vertex10', 0), ('vertex11', 0)]",0:00:04.413368,"[3.734836007109285, 5.886977153004757, 5.755388779222474, 3.068354607929142, 3.0464733709651894, 5.027385006143852, 3.9887466703213965, 5.0, 2.5066710992868604, 3.8263298341883702, 3.203248351283426]","[0.395225, 0.405556, 0.437836, 0.495483, 0.529563, 0.030174, 0.44063, 0.40031, 0.449553, 0.496751, 0.03006]",2
1351651316.591,steps_lrtdp,44.98,"[('vertex3', 0), ('vertex4', 0), ('vertex2', 0), ('vertex5', 0), ('vertex6', 0), ('vertex7', 0), ('vertex8', 0), ('wait', 0), ('vertex9', 0), ('vertex10', 0), ('vertex11', 0)]",0:00:04.230943,"[3.734836007109285, 5.886977153004757, 5.755388779222474, 3.068354607929142, 3.0464733709651894, 5.027385006143852, 3.9887466703213965, 5.0, 2.5066710992868604, 3.8263298341883702, 3.203248351283426]","[0.401147, 0.397316, 0.432931, 0.46664, 0.500376, 0.027312, 0.445723, 0.401359, 0.408157, 0.474531, 0.026802]",5
1351651316.591,steps_lrtdp,44.98,"[('vertex3', 0), ('vertex4', 0), ('vertex2', 0), ('vertex5', 0), ('vertex6', 0), ('vertex7', 0), ('vertex8', 0), ('wait', 0), ('vertex9', 0), ('vertex10', 0), ('vertex11', 0)]",0:00:04.345191,"[3.734836007109285, 5.886977153004757, 5.755388779222474, 3.068354607929142, 3.0464733709651894, 5.027385006143852, 3.9887466703213965, 5.0, 2.5066710992868604, 3.8263298341883702, 3.203248351283426]","[0.402441, 0.417945, 0.466317, 0.472121, 0.491957, 0.028241, 0.435006, 0.409836, 0.410955, 0.51573, 0.026305]",8
1351644992.298,steps_lrtdp,47.39,"[('vertex3', 0), ('vertex4', 0), ('vertex2', 0), ('vertex5', 0), ('vertex6', 0), ('vertex5', 0), ('vertex7', 0), ('vertex9', 0), ('vertex8', 0), ('vertex9', 0), ('vertex10', 0), ('vertex11', 0)]",0:00:03.276630,"[3.734836007109285, 5.886977153004757, 5.755388779222474, 3.068354607929142, 3.0464733709651894, 3.0464733709651894, 5.8249463516842805, 5.056925943693463, 2.5066710992868604, 2.5066710992868604, 3.8263298341883702, 3.203248351283426]","[0.244848, 0.027435, 0.265196, 0.251471, 0.02152, 0.259816, 0.297832, 0.350864, 0.346105, 0.350664, 0.385852, 0.305062]",2
1351644992.298,steps_lrtdp,47.39,"[('vertex3', 0), ('vertex4', 0), ('vertex2', 0), ('vertex5', 0), ('vertex6', 0), ('vertex5', 0), ('vertex7', 0), ('vertex9', 0), ('vertex8', 0), ('vertex9', 0), ('vertex10', 0), ('vertex11', 0)]",0:00:03.517165,"[3.734836007109285, 5.886977153004757, 5.755388779222474, 3.068354607929142, 3.0464733709651894, 3.0464733709651894, 5.8249463516842805, 5.056925943693463, 2.5066710992868604, 2.5066710992868604, 3.8263298341883702, 3.203248351283426]","[0.260347, 0.15468, 0.241344, 0.270468, 0.021668, 0.306651, 0.303871, 0.372807, 0.343263, 0.350503, 0.35064, 0.334007]",5
1351644992.298,steps_lrtdp,47.39,"[('vertex3', 0), ('vertex4', 0), ('vertex2', 0), ('vertex5', 0), ('vertex6', 0), ('vertex5', 0), ('vertex7', 0), ('vertex9', 0), ('vertex8', 0), ('vertex9', 0), ('vertex10', 0), ('vertex11', 0)]",0:00:03.346516,"[3.734836007109285, 5.886977153004757, 5.755388779222474, 3.068354607929142, 3.0464733709651894, 3.0464733709651894, 5.8249463516842805, 5.056925943693463, 2.5066710992868604, 2.5066710992868604, 3.8263298341883702, 3.203248351283426]","[0.246679, 0.028756, 0.278995, 0.219642, 0.022515, 0.261348, 0.30227, 0.353334, 0.375673, 0.365234, 0.383188, 0.324793]",8
1351648037.488,steps_lrtdp,44.98,"[('vertex3', 0), ('vertex4', 0), ('vertex2', 0), ('vertex5', 0), ('vertex6', 0), ('vertex7', 0), ('vertex8', 0), ('wait', 0), ('vertex9', 0), ('vertex10', 0), ('vertex11', 0)]",0:00:02.529089,"[3.734836007109285, 5.886977153004757, 5.755388779222474, 3.068354607929142, 3.0464733709651894, 5.027385006143852, 3.9887466703213965, 5.0, 2.5066710992868604, 3.8263298341883702, 3.203248351283426]","[0.547995, 0.031655, 0.31672, 0.02583, 0.025023, 0.332679, 0.01921, 0.32298, 0.382552, 0.016496, 0.344632]",2
1351648037.488,steps_lrtdp,44.98,"[('vertex3', 0), ('vertex4', 0), ('vertex2', 0), ('vertex5', 0), ('vertex6', 0), ('vertex7', 0), ('vertex8', 0), ('wait', 0), ('vertex9', 0), ('vertex10', 0), ('vertex11', 0)]",0:00:02.396479,"[3.734836007109285, 5.886977153004757, 5.755388779222474, 3.068354607929142, 3.0464733709651894, 5.027385006143852, 3.9887466703213965, 5.0, 2.5066710992868604, 3.8263298341883702, 3.203248351283426]","[0.344468, 0.034687, 0.320194, 0.026497, 0.02468, 0.345816, 0.019915, 0.323471, 0.384259, 0.019036, 0.384008]",5
1351648037.488,steps_lrtdp,44.98,"[('vertex3', 0), ('vertex4', 0), ('vertex2', 0), ('vertex5', 0), ('vertex6', 0), ('vertex7', 0), ('vertex8', 0), ('wait', 0), ('vertex9', 0), ('vertex10', 0), ('vertex11', 0)]",0:00:02.592394,"[3.734836007109285, 5.886977153004757, 5.755388779222474, 3.068354607929142, 3.0464733709651894, 5.027385006143852, 3.9887466703213965, 5.0, 2.5066710992868604, 3.8263298341883702, 3.203248351283426]","[0.573225, 0.035133, 0.308735, 0.027469, 0.024988, 0.354195, 0.020889, 0.336687, 0.379503, 0.017984, 0.344684]",8
1351650953.42,steps_lrtdp,57.78,"[('vertex3', 0), ('vertex4', 0), ('vertex2', 0), ('wait', 0), ('vertex5', 0), ('vertex7', 0), ('vertex6', 0), ('vertex7', 0), ('vertex8', 0), ('wait', 0), ('vertex9', 0), ('vertex10', 0), ('vertex11', 0)]",0:00:04.296949,"[3.734836007109285, 5.886977153004757, 5.755388779222474, 5.0, 3.068354607929142, 5.8249463516842805, 5.027385006143852, 5.027385006143852, 3.9887466703213965, 5.0, 2.5066710992868604, 3.8263298341883702, 3.203248351283426]","[1.099531, 0.234859, 0.267411, 0.159115, 0.339097, 0.401943, 0.02316, 0.266471, 0.022947, 0.262633, 0.330769, 0.284186, 0.375587]",2
1351650953.42,steps_lrtdp,57.78,"[('vertex3', 0), ('vertex4', 0), ('vertex2', 0), ('wait', 0), ('vertex5', 0), ('vertex7', 0), ('vertex6', 0), ('vertex7', 0), ('vertex8', 0), ('wait', 0), ('vertex9', 0), ('vertex10', 0), ('vertex11', 0)]",0:00:03.783709,"[3.734836007109285, 5.886977153004757, 5.755388779222474, 5.0, 3.068354607929142, 5.8249463516842805, 5.027385006143852, 5.027385006143852, 3.9887466703213965, 5.0, 2.5066710992868604, 3.8263298341883702, 3.203248351283426]","[0.482495, 0.246093, 0.282305, 0.236312, 0.276511, 0.393656, 0.024335, 0.289252, 0.023417, 0.258138, 0.292213, 0.342272, 0.393246]",5
1351650953.42,steps_lrtdp,57.78,"[('vertex3', 0), ('vertex4', 0), ('vertex2', 0), ('wait', 0), ('vertex5', 0), ('vertex7', 0), ('vertex6', 0), ('vertex7', 0), ('vertex8', 0), ('wait', 0), ('vertex9', 0), ('vertex10', 0), ('vertex11', 0)]",0:00:03.842632,"[3.734836007109285, 5.886977153004757, 5.755388779222474, 5.0, 3.068354607929142, 5.8249463516842805, 5.027385006143852, 5.027385006143852, 3.9887466703213965, 5.0, 2.5066710992868604, 3.8263298341883702, 3.203248351283426]","[0.50741, 0.252799, 0.271082, 0.246193, 0.298324, 0.424248, 0.02491, 0.27811, 0.024364, 0.272752, 0.301845, 0.313545, 0.39094]",8
1351648165.169,steps_lrtdp,52.06,"[('vertex3', 0), ('vertex4', 0), ('vertex2', 0), ('vertex5', 0), ('vertex6', 0), ('vertex7', 0), ('vertex8', 0), ('vertex7', 0), ('vertex10', 0), ('vertex9', 0), ('vertex11', 0)]",0:00:03.556137,"[3.734836007109285, 5.886977153004757, 5.755388779222474, 3.068354607929142, 3.0464733709651894, 5.027385006143852, 3.9887466703213965, 3.9887466703213965, 8.301813054989859, 3.8263298341883702, 5.501781529650191]","[0.668867, 0.031676, 0.424524, 0.35872, 0.026805, 0.416174, 0.445254, 0.033703, 0.023394, 0.430648, 0.45436]",2
1351648165.169,steps_lrtdp,52.06,"[('vertex3', 0), ('vertex4', 0), ('vertex2', 0), ('vertex5', 0), ('vertex6', 0), ('vertex7', 0), ('vertex8', 0), ('vertex7', 0), ('vertex10', 0), ('vertex9', 0), ('vertex11', 0)]",0:00:03.458502,"[3.734836007109285, 5.886977153004757, 5.755388779222474, 3.068354607929142, 3.0464733709651894, 5.027385006143852, 3.9887466703213965, 3.9887466703213965, 8.301813054989859, 3.8263298341883702, 5.501781529650191]","[0.649881, 0.033058, 0.416232, 0.359496, 0.028358, 0.445076, 0.418092, 0.037448, 0.023671, 0.416366, 0.404249]",5
1351648165.169,steps_lrtdp,52.06,"[('vertex3', 0), ('vertex4', 0), ('vertex2', 0), ('vertex5', 0), ('vertex6', 0), ('vertex7', 0), ('vertex8', 0), ('vertex7', 0), ('vertex10', 0), ('vertex9', 0), ('vertex11', 0)]",0:00:03.442791,"[3.734836007109285, 5.886977153004757, 5.755388779222474, 3.068354607929142, 3.0464733709651894, 5.027385006143852, 3.9887466703213965, 3.9887466703213965, 8.301813054989859, 3.8263298341883702, 5.501781529650191]","[0.677078, 0.033669, 0.387985, 0.351221, 0.029305, 0.421073, 0.447843, 0.03856, 0.024347, 0.416974, 0.384955]",8
1351643001.929,steps_lrtdp,39.98,"[('vertex3', 0), ('vertex4', 0), ('vertex2', 0), ('vertex5', 0), ('vertex6', 0), ('vertex7', 0), ('vertex8', 0), ('vertex9', 0), ('vertex10', 0), ('vertex11', 0)]",0:00:02.504415,"[3.734836007109285, 5.886977153004757, 5.755388779222474, 3.068354607929142, 3.0464733709651894, 5.027385006143852, 3.9887466703213965, 2.5066710992868604, 3.8263298341883702, 3.203248351283426]","[0.222857, 0.226095, 0.316896, 0.025498, 0.292038, 0.362897, 0.282693, 0.017506, 0.283004, 0.305952]",2
1351643001.929,steps_lrtdp,39.98,"[('vertex3', 0), ('vertex4', 0), ('vertex2', 0), ('vertex5', 0), ('vertex6', 0), ('vertex7', 0), ('vertex8', 0), ('vertex9', 0), ('vertex10', 0), ('vertex11', 0)]",0:00:02.742226,"[3.734836007109285, 5.886977153004757, 5.755388779222474, 3.068354607929142, 3.0464733709651894, 5.027385006143852, 3.9887466703213965, 2.5066710992868604, 3.8263298341883702, 3.203248351283426]","[0.210963, 0.246014, 0.319631, 0.026963, 0.309027, 0.405928, 0.328726, 0.018649, 0.331015, 0.360822]",5
1351643001.929,steps_lrtdp,39.98,"[('vertex3', 0), ('vertex4', 0), ('vertex2', 0), ('vertex5', 0), ('vertex6', 0), ('vertex7', 0), ('vertex8', 0), ('vertex9', 0), ('vertex10', 0), ('vertex11', 0)]",0:00:02.642392,"[3.734836007109285, 5.886977153004757, 5.755388779222474, 3.068354607929142, 3.0464733709651894, 5.027385006143852, 3.9887466703213965, 2.5066710992868604, 3.8263298341883702, 3.203248351283426]","[0.221351, 0.23452, 0.3275, 0.027197, 0.304437, 0.385956, 0.330449, 0.01878, 0.303928, 0.325493]",8
1351648130.394,steps_lrtdp,56.47,"[('vertex3', 0), ('vertex4', 0), ('vertex2', 0), ('wait', 0), ('wait', 0), ('vertex5', 0), ('vertex7', 0), ('vertex6', 0), ('vertex8', 0), ('vertex9', 0), ('vertex11', 0), ('vertex10', 0)]",0:00:05.069266,"[3.734836007109285, 5.886977153004757, 5.755388779222474, 5.0, 5.0, 3.068354607929142, 5.8249463516842805, 5.027385006143852, 6.01139750806749, 2.5066710992868604, 5.501781529650191, 3.203248351283426]","[1.314361, 0.345748, 0.414424, 0.523559, 0.428005, 0.378418, 0.132691, 0.127461, 0.35577, 0.449157, 0.353136, 0.021017]",2
1351648130.394,steps_lrtdp,56.47,"[('vertex3', 0), ('vertex4', 0), ('vertex2', 0), ('wait', 0), ('wait', 0), ('vertex5', 0), ('vertex7', 0), ('vertex6', 0), ('vertex8', 0), ('vertex9', 0), ('vertex11', 0), ('vertex10', 0)]",0:00:04.722328,"[3.734836007109285, 5.886977153004757, 5.755388779222474, 5.0, 5.0, 3.068354607929142, 5.8249463516842805, 5.027385006143852, 6.01139750806749, 2.5066710992868604, 5.501781529650191, 3.203248351283426]","[0.759483, 0.353205, 0.393943, 0.56454, 0.423553, 0.394196, 0.201898, 0.195016, 0.375932, 0.446553, 0.378177, 0.018523]",5
1351648130.394,steps_lrtdp,56.47,"[('vertex3', 0), ('vertex4', 0), ('vertex2', 0), ('wait', 0), ('wait', 0), ('vertex5', 0), ('vertex7', 0), ('vertex6', 0), ('vertex8', 0), ('vertex9', 0), ('vertex11', 0), ('vertex10', 0)]",0:00:04.892969,"[3.734836007109285, 5.886977153004757, 5.755388779222474, 5.0, 5.0, 3.068354607929142, 5.8249463516842805, 5.027385006143852, 6.01139750806749, 2.5066710992868604, 5.501781529650191, 3.203248351283426]","[0.920995, 0.347426, 0.393183, 0.668849, 0.433283, 0.371328, 0.149426, 0.138158, 0.366047, 0.474245, 0.378567, 0.019829]",8
1351642699.771,steps_lrtdp,39.98,"[('vertex3', 0), ('vertex4', 0), ('vertex2', 0), ('vertex5', 0), ('vertex6', 0), ('vertex7', 0), ('vertex8', 0), ('vertex9', 0), ('vertex10', 0), ('vertex11', 0)]",0:00:02.415768,"[3.734836007109285, 5.886977153004757, 5.755388779222474, 3.068354607929142, 3.0464733709651894, 5.027385006143852, 3.9887466703213965, 2.5066710992868604, 3.8263298341883702, 3.203248351283426]","[0.446394, 0.232104, 0.192847, 0.228065, 0.238774, 0.270101, 0.211572, 0.203218, 0.01154, 0.248074]",2
1351642699.771,steps_lrtdp,39.98,"[('vertex3', 0), ('vertex4', 0), ('vertex2', 0), ('vertex5', 0), ('vertex6', 0), ('vertex7', 0), ('vertex8', 0), ('vertex9', 0), ('vertex10', 0), ('vertex11', 0)]",0:00:02.432720,"[3.734836007109285, 5.886977153004757, 5.755388779222474, 3.068354607929142, 3.0464733709651894, 5.027385006143852, 3.9887466703213965, 2.5066710992868604, 3.8263298341883702, 3.203248351283426]","[0.463612, 0.25039, 0.199547, 0.210687, 0.218559, 0.236329, 0.207157, 0.22369, 0.01325, 0.272472]",5
1351642699.771,steps_lrtdp,39.98,"[('vertex3', 0), ('vertex4', 0), ('vertex2', 0), ('vertex5', 0), ('vertex6', 0), ('vertex7', 0), ('vertex8', 0), ('vertex9', 0), ('vertex10', 0), ('vertex11', 0)]",0:00:02.513258,"[3.734836007109285, 5.886977153004757, 5.755388779222474, 3.068354607929142, 3.0464733709651894, 5.027385006143852, 3.9887466703213965, 2.5066710992868604, 3.8263298341883702, 3.203248351283426]","[0.48884, 0.238549, 0.241899, 0.200147, 0.254576, 0.226598, 0.214765, 0.255667, 0.011961, 0.248083]",8
1351650881.671,steps_lrtdp,48.55,"[('vertex3', 0), ('vertex4', 0), ('vertex2', 0), ('vertex5', 0), ('wait', 0), ('vertex6', 0), ('vertex7', 0), ('vertex9', 0), ('vertex8', 0), ('vertex9', 0), ('vertex10', 0), ('vertex11', 0)]",0:00:04.587759,"[3.734836007109285, 5.886977153004757, 5.755388779222474, 3.068354607929142, 5.0, 3.0464733709651894, 5.027385006143852, 5.056925943693463, 2.5066710992868604, 2.5066710992868604, 3.8263298341883702, 3.203248351283426]","[1.105153, 0.364952, 0.031545, 0.332118, 0.357626, 0.397371, 0.412239, 0.0319, 0.461651, 0.025216, 0.411939, 0.366161]",2
1351650881.671,steps_lrtdp,48.55,"[('vertex3', 0), ('vertex4', 0), ('vertex2', 0), ('vertex5', 0), ('wait', 0), ('vertex6', 0), ('vertex7', 0), ('vertex9', 0), ('vertex8', 0), ('vertex9', 0), ('vertex10', 0), ('vertex11', 0)]",0:00:04.675420,"[3.734836007109285, 5.886977153004757, 5.755388779222474, 3.068354607929142, 5.0, 3.0464733709651894, 5.027385006143852, 5.056925943693463, 2.5066710992868604, 2.5066710992868604, 3.8263298341883702, 3.203248351283426]","[1.158467, 0.362524, 0.031915, 0.363293, 0.375532, 0.47779, 0.447087, 0.029973, 0.42204, 0.024998, 0.381558, 0.338463]",5
1351650881.671,steps_lrtdp,48.55,"[('vertex3', 0), ('vertex4', 0), ('vertex2', 0), ('vertex5', 0), ('wait', 0), ('vertex6', 0), ('vertex7', 0), ('vertex9', 0), ('vertex8', 0), ('vertex9', 0), ('vertex10', 0), ('vertex11', 0)]",0:00:04.542696,"[3.734836007109285, 5.886977153004757, 5.755388779222474, 3.068354607929142, 5.0, 3.0464733709651894, 5.027385006143852, 5.056925943693463, 2.5066710992868604, 2.5066710992868604, 3.8263298341883702, 3.203248351283426]","[0.928561, 0.398361, 0.038591, 0.376463, 0.420381, 0.42892, 0.413931, 0.030452, 0.442291, 0.026548, 0.41953, 0.340125]",8
1351644687.166,steps_lrtdp,39.98,"[('vertex3', 0), ('vertex4', 0), ('vertex2', 0), ('vertex5', 0), ('vertex6', 0), ('vertex7', 0), ('vertex8', 0), ('vertex9', 0), ('vertex10', 0), ('vertex11', 0)]",0:00:02.779599,"[3.734836007109285, 5.886977153004757, 5.755388779222474, 3.068354607929142, 3.0464733709651894, 5.027385006143852, 3.9887466703213965, 2.5066710992868604, 3.8263298341883702, 3.203248351283426]","[0.52231, 0.259769, 0.299234, 0.283023, 0.022553, 0.290049, 0.296625, 0.292005, 0.015369, 0.3353]",2
1351644687.166,steps_lrtdp,39.98,"[('vertex3', 0), ('vertex4', 0), ('vertex2', 0), ('vertex5', 0), ('vertex6', 0), ('vertex7', 0), ('vertex8', 0), ('vertex9', 0), ('vertex10', 0), ('vertex11', 0)]",0:00:02.839257,"[3.734836007109285, 5.886977153004757, 5.755388779222474, 3.068354607929142, 3.0464733709651894, 5.027385006143852, 3.9887466703213965, 2.5066710992868604, 3.8263298341883702, 3.203248351283426]","[0.505997, 0.251987, 0.29912, 0.298016, 0.027772, 0.300419, 0.319321, 0.281946, 0.016412, 0.362297]",5
1351644687.166,steps_lrtdp,39.98,"[('vertex3', 0), ('vertex4', 0), ('vertex2', 0), ('vertex5', 0), ('vertex6', 0), ('vertex7', 0), ('vertex8', 0), ('vertex9', 0), ('vertex10', 0), ('vertex11', 0)]",0:00:03.011914,"[3.734836007109285, 5.886977153004757, 5.755388779222474, 3.068354607929142, 3.0464733709651894, 5.027385006143852, 3.9887466703213965, 2.5066710992868604, 3.8263298341883702, 3.203248351283426]","[0.526417, 0.279484, 0.366164, 0.312696, 0.024073, 0.293563, 0.329372, 0.314475, 0.01743, 0.37593]",8
1351642504.783,steps_lrtdp,49.98,"[('vertex3', 0), ('vertex4', 0), ('vertex2', 0), ('wait', 0), ('vertex5', 0), ('wait', 0), ('vertex6', 0), ('vertex7', 0), ('vertex8', 0), ('vertex9', 0), ('vertex10', 0), ('vertex11', 0)]",0:00:03.673841,"[3.734836007109285, 5.886977153004757, 5.755388779222474, 5.0, 3.068354607929142, 5.0, 3.0464733709651894, 5.027385006143852, 3.9887466703213965, 2.5066710992868604, 3.8263298341883702, 3.203248351283426]","[0.225665, 0.204676, 0.207372, 0.466388, 0.271485, 0.294904, 0.027552, 0.378955, 0.362164, 0.322628, 0.361581, 0.384776]",2
1351642504.783,steps_lrtdp,49.98,"[('vertex3', 0), ('vertex4', 0), ('vertex2', 0), ('wait', 0), ('vertex5', 0), ('wait', 0), ('vertex6', 0), ('vertex7', 0), ('vertex8', 0), ('vertex9', 0), ('vertex10', 0), ('vertex11', 0)]",0:00:03.424337,"[3.734836007109285, 5.886977153004757, 5.755388779222474, 5.0, 3.068354607929142, 5.0, 3.0464733709651894, 5.027385006143852, 3.9887466703213965, 2.5066710992868604, 3.8263298341883702, 3.203248351283426]","[0.208203, 0.209618, 0.197196, 0.257372, 0.247428, 0.318941, 0.030248, 0.354496, 0.339317, 0.347748, 0.340595, 0.392977]",5
1351642504.783,steps_lrtdp,49.98,"[('vertex3', 0), ('vertex4', 0), ('vertex2', 0), ('wait', 0), ('vertex5', 0), ('wait', 0), ('vertex6', 0), ('vertex7', 0), ('vertex8', 0), ('vertex9', 0), ('vertex10', 0), ('vertex11', 0)]",0:00:03.284472,"[3.734836007109285, 5.886977153004757, 5.755388779222474, 5.0, 3.068354607929142, 5.0, 3.0464733709651894, 5.027385006143852, 3.9887466703213965, 2.5066710992868604, 3.8263298341883702, 3.203248351283426]","[0.210013, 0.208696, 0.199104, 0.296839, 0.245258, 0.281089, 0.0301, 0.321539, 0.30717, 0.316289, 0.325356, 0.383214]",8
1351647575.408,steps_lrtdp,44.98,"[('vertex3', 0), ('vertex4', 0), ('vertex2', 0), ('vertex5', 0), ('vertex6', 0), ('vertex7', 0), ('vertex8', 0), ('vertex9', 0), ('vertex10', 0), ('wait', 0), ('vertex11', 0)]",0:00:03.301643,"[3.734836007109285, 5.886977153004757, 5.755388779222474, 3.068354607929142, 3.0464733709651894, 5.027385006143852, 3.9887466703213965, 2.5066710992868604, 3.8263298341883702, 5.0, 3.203248351283426]","[0.336031, 0.030325, 0.339173, 0.364562, 0.027601, 0.465771, 0.021517, 0.376903, 0.360545, 0.373562, 0.42212]",2
1351647575.408,steps_lrtdp,44.98,"[('vertex3', 0), ('vertex4', 0), ('vertex2', 0), ('vertex5', 0), ('vertex6', 0), ('vertex7', 0), ('vertex8', 0), ('vertex9', 0), ('vertex10', 0), ('wait', 0), ('vertex11', 0)]",0:00:03.492597,"[3.734836007109285, 5.886977153004757, 5.755388779222474, 3.068354607929142, 3.0464733709651894, 5.027385006143852, 3.9887466703213965, 2.5066710992868604, 3.8263298341883702, 5.0, 3.203248351283426]","[0.390339, 0.032759, 0.341228, 0.392197, 0.028702, 0.469245, 0.022297, 0.396839, 0.389833, 0.387637, 0.442561]",5
1351647575.408,steps_lrtdp,44.98,"[('vertex3', 0), ('vertex4', 0), ('vertex2', 0), ('vertex5', 0), ('vertex6', 0), ('vertex7', 0), ('vertex8', 0), ('vertex9', 0), ('vertex10', 0), ('wait', 0), ('vertex11', 0)]",0:00:03.464453,"[3.734836007109285, 5.886977153004757, 5.755388779222474, 3.068354607929142, 3.0464733709651894, 5.027385006143852, 3.9887466703213965, 2.5066710992868604, 3.8263298341883702, 5.0, 3.203248351283426]","[0.364318, 0.03401, 0.367899, 0.388388, 0.029296, 0.477455, 0.023158, 0.373436, 0.3526, 0.398229, 0.44608]",8
1351649017.308,steps_lrtdp,39.98,"[('vertex3', 0), ('vertex4', 0), ('vertex2', 0), ('vertex5', 0), ('vertex6', 0), ('vertex7', 0), ('vertex8', 0), ('vertex9', 0), ('vertex10', 0), ('vertex11', 0)]",0:00:01.550134,"[3.734836007109285, 5.886977153004757, 5.755388779222474, 3.068354607929142, 3.0464733709651894, 5.027385006143852, 3.9887466703213965, 2.5066710992868604, 3.8263298341883702, 3.203248351283426]","[0.47333, 0.289116, 0.23848, 0.295737, 0.02365, 0.021054, 0.019559, 0.017435, 0.014874, 0.013026]",2
1351649017.308,steps_lrtdp,39.98,"[('vertex3', 0), ('vertex4', 0), ('vertex2', 0), ('vertex5', 0), ('vertex6', 0), ('vertex7', 0), ('vertex8', 0), ('vertex9', 0), ('vertex10', 0), ('vertex11', 0)]",0:00:01.598372,"[3.734836007109285, 5.886977153004757, 5.755388779222474, 3.068354607929142, 3.0464733709651894, 5.027385006143852, 3.9887466703213965, 2.5066710992868604, 3.8263298341883702, 3.203248351283426]","[0.475866, 0.30648, 0.242696, 0.320191, 0.023998, 0.021876, 0.0199, 0.017015, 0.014833, 0.012912]",5
1351649017.308,steps_lrtdp,39.98,"[('vertex3', 0), ('vertex4', 0), ('vertex2', 0), ('vertex5', 0), ('vertex6', 0), ('vertex7', 0), ('vertex8', 0), ('vertex9', 0), ('vertex10', 0), ('vertex11', 0)]",0:00:01.609237,"[3.734836007109285, 5.886977153004757, 5.755388779222474, 3.068354607929142, 3.0464733709651894, 5.027385006143852, 3.9887466703213965, 2.5066710992868604, 3.8263298341883702, 3.203248351283426]","[0.480931, 0.311097, 0.23839, 0.325646, 0.024989, 0.022972, 0.02087, 0.016841, 0.015172, 0.013274]",8
1351648301.82,steps_lrtdp,44.98,"[('vertex3', 0), ('vertex4', 0), ('vertex2', 0), ('wait', 0), ('vertex5', 0), ('vertex6', 0), ('vertex7', 0), ('vertex8', 0), ('vertex9', 0), ('vertex10', 0), ('vertex11', 0)]",0:00:04.471046,"[3.734836007109285, 5.886977153004757, 5.755388779222474, 5.0, 3.068354607929142, 3.0464733709651894, 5.027385006143852, 3.9887466703213965, 2.5066710992868604, 3.8263298341883702, 3.203248351283426]","[0.672931, 0.359303, 0.029508, 0.635986, 0.404585, 0.383131, 0.412405, 0.414537, 0.447866, 0.452159, 0.019148]",2
1351648301.82,steps_lrtdp,44.98,"[('vertex3', 0), ('vertex4', 0), ('vertex2', 0), ('wait', 0), ('vertex5', 0), ('vertex6', 0), ('vertex7', 0), ('vertex8', 0), ('vertex9', 0), ('vertex10', 0), ('vertex11', 0)]",0:00:04.408707,"[3.734836007109285, 5.886977153004757, 5.755388779222474, 5.0, 3.068354607929142, 3.0464733709651894, 5.027385006143852, 3.9887466703213965, 2.5066710992868604, 3.8263298341883702, 3.203248351283426]","[0.677246, 0.383515, 0.030279, 0.6092, 0.433819, 0.353127, 0.391267, 0.409518, 0.420531, 0.420921, 0.020662]",5
1351648301.82,steps_lrtdp,44.98,"[('vertex3', 0), ('vertex4', 0), ('vertex2', 0), ('wait', 0), ('vertex5', 0), ('vertex6', 0), ('vertex7', 0), ('vertex8', 0), ('vertex9', 0), ('vertex10', 0), ('vertex11', 0)]",0:00:04.206038,"[3.734836007109285, 5.886977153004757, 5.755388779222474, 5.0, 3.068354607929142, 3.0464733709651894, 5.027385006143852, 3.9887466703213965, 2.5066710992868604, 3.8263298341883702, 3.203248351283426]","[0.46117, 0.349082, 0.031574, 0.642931, 0.389272, 0.387571, 0.382209, 0.411695, 0.439671, 0.450198, 0.019516]",8
1351649616.224,steps_lrtdp,39.98,"[('vertex3', 0), ('vertex4', 0), ('vertex2', 0), ('vertex5', 0), ('vertex6', 0), ('vertex7', 0), ('vertex8', 0), ('vertex9', 0), ('vertex10', 0), ('vertex11', 0)]",0:00:04.419253,"[3.734836007109285, 5.886977153004757, 5.755388779222474, 3.068354607929142, 3.0464733709651894, 5.027385006143852, 3.9887466703213965, 2.5066710992868604, 3.8263298341883702, 3.203248351283426]","[1.644695, 0.339134, 0.399865, 0.376651, 0.337537, 0.024302, 0.326042, 0.332606, 0.415985, 0.014958]",2
1351649616.224,steps_lrtdp,39.98,"[('vertex3', 0), ('vertex4', 0), ('vertex2', 0), ('vertex5', 0), ('vertex6', 0), ('vertex7', 0), ('vertex8', 0), ('vertex9', 0), ('vertex10', 0), ('vertex11', 0)]",0:00:03.745999,"[3.734836007109285, 5.886977153004757, 5.755388779222474, 3.068354607929142, 3.0464733709651894, 5.027385006143852, 3.9887466703213965, 2.5066710992868604, 3.8263298341883702, 3.203248351283426]","[0.606858, 0.752863, 0.380802, 0.356283, 0.378226, 0.024506, 0.323076, 0.320835, 0.379236, 0.014921]",5
1351649616.224,steps_lrtdp,39.98,"[('vertex3', 0), ('vertex4', 0), ('vertex2', 0), ('vertex5', 0), ('vertex6', 0), ('vertex7', 0), ('vertex8', 0), ('vertex9', 0), ('vertex10', 0), ('vertex11', 0)]",0:00:03.763475,"[3.734836007109285, 5.886977153004757, 5.755388779222474, 3.068354607929142, 3.0464733709651894, 5.027385006143852, 3.9887466703213965, 2.5066710992868604, 3.8263298341883702, 3.203248351283426]","[0.613521, 0.761071, 0.363037, 0.385505, 0.373465, 0.025541, 0.332429, 0.321466, 0.368018, 0.013843]",8
1351642239.57,steps_lrtdp,44.98,"[('vertex3', 0), ('vertex4', 0), ('vertex2', 0), ('wait', 0), ('vertex5', 0), ('vertex6', 0), ('vertex7', 0), ('vertex8', 0), ('vertex9', 0), ('vertex10', 0), ('vertex11', 0)]",0:00:02.566365,"[3.734836007109285, 5.886977153004757, 5.755388779222474, 5.0, 3.068354607929142, 3.0464733709651894, 5.027385006143852, 3.9887466703213965, 2.5066710992868604, 3.8263298341883702, 3.203248351283426]","[0.198679, 0.241922, 0.246733, 0.29882, 0.2015, 0.246291, 0.018762, 0.241083, 0.247357, 0.259855, 0.233451]",2
1351642239.57,steps_lrtdp,44.98,"[('vertex3', 0), ('vertex4', 0), ('vertex2', 0), ('wait', 0), ('vertex5', 0), ('vertex6', 0), ('vertex7', 0), ('vertex8', 0), ('vertex9', 0), ('vertex10', 0), ('vertex11', 0)]",0:00:02.564835,"[3.734836007109285, 5.886977153004757, 5.755388779222474, 5.0, 3.068354607929142, 3.0464733709651894, 5.027385006143852, 3.9887466703213965, 2.5066710992868604, 3.8263298341883702, 3.203248351283426]","[0.213928, 0.258272, 0.242686, 0.242839, 0.20812, 0.245396, 0.01936, 0.258177, 0.257288, 0.255406, 0.237983]",5
1351642239.57,steps_lrtdp,44.98,"[('vertex3', 0), ('vertex4', 0), ('vertex2', 0), ('wait', 0), ('vertex5', 0), ('vertex6', 0), ('vertex7', 0), ('vertex8', 0), ('vertex9', 0), ('vertex10', 0), ('vertex11', 0)]",0:00:02.754080,"[3.734836007109285, 5.886977153004757, 5.755388779222474, 5.0, 3.068354607929142, 3.0464733709651894, 5.027385006143852, 3.9887466703213965, 2.5066710992868604, 3.8263298341883702, 3.203248351283426]","[0.217414, 0.419464, 0.21496, 0.247041, 0.205185, 0.243413, 0.019817, 0.271265, 0.260647, 0.26799, 0.241749]",8
