1351651349.547,steps_tsp_current_occupancy_with_replanning,49.98,"[('vertex3', 0), ('vertex4', 0), ('vertex2', 0), ('vertex5', 0), ('vertex6', 0), ('vertex7', 0), ('vertex8', 0), ('vertex9', 1), ('vertex10', 0), ('vertex11', 0)]",0:00:00.339782,"[3.734836007109285, 5.886977153004757, 5.755388779222474, 3.068354607929142, 3.0464733709651894, 5.027385006143852, 3.9887466703213965, 12.50667109928686, 3.8263298341883702, 3.203248351283426]",[0.339782],2
1351651349.547,steps_tsp_current_occupancy_with_replanning,49.98,"[('vertex3', 0), ('vertex4', 0), ('vertex2', 0), ('vertex5', 0), ('vertex6', 0), ('vertex7', 0), ('vertex8', 0), ('vertex9', 1), ('vertex10', 0), ('vertex11', 0)]",0:00:00.344903,"[3.734836007109285, 5.886977153004757, 5.755388779222474, 3.068354607929142, 3.0464733709651894, 5.027385006143852, 3.9887466703213965, 12.50667109928686, 3.8263298341883702, 3.203248351283426]",[0.344903],5
1351651349.547,steps_tsp_current_occupancy_with_replanning,49.98,"[('vertex3', 0), ('vertex4', 0), ('vertex2', 0), ('vertex5', 0), ('vertex6', 0), ('vertex7', 0), ('vertex8', 0), ('vertex9', 1), ('vertex10', 0), ('vertex11', 0)]",0:00:00.331173,"[3.734836007109285, 5.886977153004757, 5.755388779222474, 3.068354607929142, 3.0464733709651894, 5.027385006143852, 3.9887466703213965, 12.50667109928686, 3.8263298341883702, 3.203248351283426]",[0.331173],8
1351647527.338,steps_tsp_current_occupancy_with_replanning,39.98,"[('vertex3', 0), ('vertex4', 0), ('vertex2', 0), ('vertex5', 0), ('vertex6', 0), ('vertex7', 0), ('vertex8', 0), ('vertex9', 0), ('vertex10', 0), ('vertex11', 0)]",0:00:00.212471,"[3.734836007109285, 5.886977153004757, 5.755388779222474, 3.068354607929142, 3.0464733709651894, 5.027385006143852, 3.9887466703213965, 2.5066710992868604, 3.8263298341883702, 3.203248351283426]",[0.212471],2
1351647527.338,steps_tsp_current_occupancy_with_replanning,39.98,"[('vertex3', 0), ('vertex4', 0), ('vertex2', 0), ('vertex5', 0), ('vertex6', 0), ('vertex7', 0), ('vertex8', 0), ('vertex9', 0), ('vertex10', 0), ('vertex11', 0)]",0:00:00.225801,"[3.734836007109285, 5.886977153004757, 5.755388779222474, 3.068354607929142, 3.0464733709651894, 5.027385006143852, 3.9887466703213965, 2.5066710992868604, 3.8263298341883702, 3.203248351283426]",[0.225801],5
1351647527.338,steps_tsp_current_occupancy_with_replanning,39.98,"[('vertex3', 0), ('vertex4', 0), ('vertex2', 0), ('vertex5', 0), ('vertex6', 0), ('vertex7', 0), ('vertex8', 0), ('vertex9', 0), ('vertex10', 0), ('vertex11', 0)]",0:00:00.213589,"[3.734836007109285, 5.886977153004757, 5.755388779222474, 3.068354607929142, 3.0464733709651894, 5.027385006143852, 3.9887466703213965, 2.5066710992868604, 3.8263298341883702, 3.203248351283426]",[0.213589],8
1351650999.49,steps_tsp_current_occupancy_with_replanning,39.98,"[('vertex3', 0), ('vertex4', 0), ('vertex2', 0), ('vertex5', 0), ('vertex6', 0), ('vertex7', 0), ('vertex8', 0), ('vertex9', 0), ('vertex10', 0), ('vertex11', 0)]",0:00:00.253616,"[3.734836007109285, 5.886977153004757, 5.755388779222474, 3.068354607929142, 3.0464733709651894, 5.027385006143852, 3.9887466703213965, 2.5066710992868604, 3.8263298341883702, 3.203248351283426]",[0.253616],2
1351650999.49,steps_tsp_current_occupancy_with_replanning,39.98,"[('vertex3', 0), ('vertex4', 0), ('vertex2', 0), ('vertex5', 0), ('vertex6', 0), ('vertex7', 0), ('vertex8', 0), ('vertex9', 0), ('vertex10', 0), ('vertex11', 0)]",0:00:00.278203,"[3.734836007109285, 5.886977153004757, 5.755388779222474, 3.068354607929142, 3.0464733709651894, 5.027385006143852, 3.9887466703213965, 2.5066710992868604, 3.8263298341883702, 3.203248351283426]",[0.278203],5
1351650999.49,steps_tsp_current_occupancy_with_replanning,39.98,"[('vertex3', 0), ('vertex4', 0), ('vertex2', 0), ('vertex5', 0), ('vertex6', 0), ('vertex7', 0), ('vertex8', 0), ('vertex9', 0), ('vertex10', 0), ('vertex11', 0)]",0:00:00.260933,"[3.734836007109285, 5.886977153004757, 5.755388779222474, 3.068354607929142, 3.0464733709651894, 5.027385006143852, 3.9887466703213965, 2.5066710992868604, 3.8263298341883702, 3.203248351283426]",[0.260933],8
1351646766.203,steps_tsp_current_occupancy_with_replanning,49.98,"[('vertex3', 0), ('vertex4', 0), ('vertex2', 0), ('vertex5', 1), ('vertex6', 0), ('vertex7', 0), ('vertex8', 0), ('vertex9', 0), ('vertex10', 0), ('vertex11', 0)]",0:00:00.160269,"[3.734836007109285, 5.886977153004757, 5.755388779222474, 13.068354607929141, 3.0464733709651894, 5.027385006143852, 3.9887466703213965, 2.5066710992868604, 3.8263298341883702, 3.203248351283426]",[0.160269],2
1351646766.203,steps_tsp_current_occupancy_with_replanning,49.98,"[('vertex3', 0), ('vertex4', 0), ('vertex2', 0), ('vertex5', 1), ('vertex6', 0), ('vertex7', 0), ('vertex8', 0), ('vertex9', 0), ('vertex10', 0), ('vertex11', 0)]",0:00:00.160158,"[3.734836007109285, 5.886977153004757, 5.755388779222474, 13.068354607929141, 3.0464733709651894, 5.027385006143852, 3.9887466703213965, 2.5066710992868604, 3.8263298341883702, 3.203248351283426]",[0.160158],5
1351646766.203,steps_tsp_current_occupancy_with_replanning,49.98,"[('vertex3', 0), ('vertex4', 0), ('vertex2', 0), ('vertex5', 1), ('vertex6', 0), ('vertex7', 0), ('vertex8', 0), ('vertex9', 0), ('vertex10', 0), ('vertex11', 0)]",0:00:00.167488,"[3.734836007109285, 5.886977153004757, 5.755388779222474, 13.068354607929141, 3.0464733709651894, 5.027385006143852, 3.9887466703213965, 2.5066710992868604, 3.8263298341883702, 3.203248351283426]",[0.167488],8
1351647047.0,steps_tsp_current_occupancy_with_replanning,39.98,"[('vertex3', 0), ('vertex4', 0), ('vertex2', 0), ('vertex5', 0), ('vertex6', 0), ('vertex7', 0), ('vertex8', 0), ('vertex9', 0), ('vertex10', 0), ('vertex11', 0)]",0:00:00.165578,"[3.734836007109285, 5.886977153004757, 5.755388779222474, 3.068354607929142, 3.0464733709651894, 5.027385006143852, 3.9887466703213965, 2.5066710992868604, 3.8263298341883702, 3.203248351283426]",[0.165578],2
1351647047.0,steps_tsp_current_occupancy_with_replanning,39.98,"[('vertex3', 0), ('vertex4', 0), ('vertex2', 0), ('vertex5', 0), ('vertex6', 0), ('vertex7', 0), ('vertex8', 0), ('vertex9', 0), ('vertex10', 0), ('vertex11', 0)]",0:00:00.146346,"[3.734836007109285, 5.886977153004757, 5.755388779222474, 3.068354607929142, 3.0464733709651894, 5.027385006143852, 3.9887466703213965, 2.5066710992868604, 3.8263298341883702, 3.203248351283426]",[0.146346],5
1351647047.0,steps_tsp_current_occupancy_with_replanning,39.98,"[('vertex3', 0), ('vertex4', 0), ('vertex2', 0), ('vertex5', 0), ('vertex6', 0), ('vertex7', 0), ('vertex8', 0), ('vertex9', 0), ('vertex10', 0), ('vertex11', 0)]",0:00:00.134703,"[3.734836007109285, 5.886977153004757, 5.755388779222474, 3.068354607929142, 3.0464733709651894, 5.027385006143852, 3.9887466703213965, 2.5066710992868604, 3.8263298341883702, 3.203248351283426]",[0.134703],8
1351648463.573,steps_tsp_current_occupancy_with_replanning,59.98,"[('vertex3', 0), ('vertex4', 0), ('vertex2', 0), ('vertex5', 0), ('vertex6', 0), ('vertex7', 0), ('vertex8', 0), ('vertex9', 0), ('vertex10', 0), ('vertex11', 2)]",0:00:00.202879,"[3.734836007109285, 5.886977153004757, 5.755388779222474, 3.068354607929142, 3.0464733709651894, 5.027385006143852, 3.9887466703213965, 2.5066710992868604, 3.8263298341883702, 23.203248351283428]",[0.202879],2
1351648463.573,steps_tsp_current_occupancy_with_replanning,59.98,"[('vertex3', 0), ('vertex4', 0), ('vertex2', 0), ('vertex5', 0), ('vertex6', 0), ('vertex7', 0), ('vertex8', 0), ('vertex9', 0), ('vertex10', 0), ('vertex11', 2)]",0:00:00.163019,"[3.734836007109285, 5.886977153004757, 5.755388779222474, 3.068354607929142, 3.0464733709651894, 5.027385006143852, 3.9887466703213965, 2.5066710992868604, 3.8263298341883702, 23.203248351283428]",[0.163019],5
1351648463.573,steps_tsp_current_occupancy_with_replanning,59.98,"[('vertex3', 0), ('vertex4', 0), ('vertex2', 0), ('vertex5', 0), ('vertex6', 0), ('vertex7', 0), ('vertex8', 0), ('vertex9', 0), ('vertex10', 0), ('vertex11', 2)]",0:00:00.158727,"[3.734836007109285, 5.886977153004757, 5.755388779222474, 3.068354607929142, 3.0464733709651894, 5.027385006143852, 3.9887466703213965, 2.5066710992868604, 3.8263298341883702, 23.203248351283428]",[0.158727],8
1351646024.421,steps_tsp_current_occupancy_with_replanning,39.98,"[('vertex3', 0), ('vertex4', 0), ('vertex2', 0), ('vertex5', 0), ('vertex6', 0), ('vertex7', 0), ('vertex8', 0), ('vertex9', 0), ('vertex10', 0), ('vertex11', 0)]",0:00:00.120565,"[3.734836007109285, 5.886977153004757, 5.755388779222474, 3.068354607929142, 3.0464733709651894, 5.027385006143852, 3.9887466703213965, 2.5066710992868604, 3.8263298341883702, 3.203248351283426]",[0.120565],2
1351646024.421,steps_tsp_current_occupancy_with_replanning,39.98,"[('vertex3', 0), ('vertex4', 0), ('vertex2', 0), ('vertex5', 0), ('vertex6', 0), ('vertex7', 0), ('vertex8', 0), ('vertex9', 0), ('vertex10', 0), ('vertex11', 0)]",0:00:00.127785,"[3.734836007109285, 5.886977153004757, 5.755388779222474, 3.068354607929142, 3.0464733709651894, 5.027385006143852, 3.9887466703213965, 2.5066710992868604, 3.8263298341883702, 3.203248351283426]",[0.127785],5
1351646024.421,steps_tsp_current_occupancy_with_replanning,39.98,"[('vertex3', 0), ('vertex4', 0), ('vertex2', 0), ('vertex5', 0), ('vertex6', 0), ('vertex7', 0), ('vertex8', 0), ('vertex9', 0), ('vertex10', 0), ('vertex11', 0)]",0:00:00.118502,"[3.734836007109285, 5.886977153004757, 5.755388779222474, 3.068354607929142, 3.0464733709651894, 5.027385006143852, 3.9887466703213965, 2.5066710992868604, 3.8263298341883702, 3.203248351283426]",[0.118502],8
1351648569.311,steps_tsp_current_occupancy_with_replanning,59.98,"[('vertex3', 0), ('vertex4', 0), ('vertex2', 0), ('vertex5', 0), ('vertex6', 0), ('vertex7', 0), ('vertex8', 1), ('vertex9', 1), ('vertex10', 0), ('vertex11', 0)]",0:00:00.160099,"[3.734836007109285, 5.886977153004757, 5.755388779222474, 3.068354607929142, 3.0464733709651894, 5.027385006143852, 13.988746670321397, 12.50667109928686, 3.8263298341883702, 3.203248351283426]",[0.160099],2
1351648569.311,steps_tsp_current_occupancy_with_replanning,59.98,"[('vertex3', 0), ('vertex4', 0), ('vertex2', 0), ('vertex5', 0), ('vertex6', 0), ('vertex7', 0), ('vertex8', 1), ('vertex9', 1), ('vertex10', 0), ('vertex11', 0)]",0:00:00.146715,"[3.734836007109285, 5.886977153004757, 5.755388779222474, 3.068354607929142, 3.0464733709651894, 5.027385006143852, 13.988746670321397, 12.50667109928686, 3.8263298341883702, 3.203248351283426]",[0.146715],5
1351648569.311,steps_tsp_current_occupancy_with_replanning,59.98,"[('vertex3', 0), ('vertex4', 0), ('vertex2', 0), ('vertex5', 0), ('vertex6', 0), ('vertex7', 0), ('vertex8', 1), ('vertex9', 1), ('vertex10', 0), ('vertex11', 0)]",0:00:00.159639,"[3.734836007109285, 5.886977153004757, 5.755388779222474, 3.068354607929142, 3.0464733709651894, 5.027385006143852, 13.988746670321397, 12.50667109928686, 3.8263298341883702, 3.203248351283426]",[0.159639],8
1351646175.766,steps_tsp_current_occupancy_with_replanning,39.98,"[('vertex3', 0), ('vertex4', 0), ('vertex2', 0), ('vertex5', 0), ('vertex6', 0), ('vertex7', 0), ('vertex8', 0), ('vertex9', 0), ('vertex10', 0), ('vertex11', 0)]",0:00:00.150467,"[3.734836007109285, 5.886977153004757, 5.755388779222474, 3.068354607929142, 3.0464733709651894, 5.027385006143852, 3.9887466703213965, 2.5066710992868604, 3.8263298341883702, 3.203248351283426]",[0.150467],2
1351646175.766,steps_tsp_current_occupancy_with_replanning,39.98,"[('vertex3', 0), ('vertex4', 0), ('vertex2', 0), ('vertex5', 0), ('vertex6', 0), ('vertex7', 0), ('vertex8', 0), ('vertex9', 0), ('vertex10', 0), ('vertex11', 0)]",0:00:00.148532,"[3.734836007109285, 5.886977153004757, 5.755388779222474, 3.068354607929142, 3.0464733709651894, 5.027385006143852, 3.9887466703213965, 2.5066710992868604, 3.8263298341883702, 3.203248351283426]",[0.148532],5
1351646175.766,steps_tsp_current_occupancy_with_replanning,39.98,"[('vertex3', 0), ('vertex4', 0), ('vertex2', 0), ('vertex5', 0), ('vertex6', 0), ('vertex7', 0), ('vertex8', 0), ('vertex9', 0), ('vertex10', 0), ('vertex11', 0)]",0:00:00.138934,"[3.734836007109285, 5.886977153004757, 5.755388779222474, 3.068354607929142, 3.0464733709651894, 5.027385006143852, 3.9887466703213965, 2.5066710992868604, 3.8263298341883702, 3.203248351283426]",[0.138934],8
1351644262.636,steps_tsp_current_occupancy_with_replanning,59.98,"[('vertex3', 0), ('vertex4', 0), ('vertex2', 0), ('vertex5', 0), ('vertex6', 0), ('vertex7', 0), ('vertex8', 0), ('vertex9', 2), ('vertex10', 0), ('vertex11', 0)]",0:00:00.151470,"[3.734836007109285, 5.886977153004757, 5.755388779222474, 3.068354607929142, 3.0464733709651894, 5.027385006143852, 3.9887466703213965, 22.506671099286862, 3.8263298341883702, 3.203248351283426]",[0.15147],2
1351644262.636,steps_tsp_current_occupancy_with_replanning,59.98,"[('vertex3', 0), ('vertex4', 0), ('vertex2', 0), ('vertex5', 0), ('vertex6', 0), ('vertex7', 0), ('vertex8', 0), ('vertex9', 2), ('vertex10', 0), ('vertex11', 0)]",0:00:00.133143,"[3.734836007109285, 5.886977153004757, 5.755388779222474, 3.068354607929142, 3.0464733709651894, 5.027385006143852, 3.9887466703213965, 22.506671099286862, 3.8263298341883702, 3.203248351283426]",[0.133143],5
1351644262.636,steps_tsp_current_occupancy_with_replanning,59.98,"[('vertex3', 0), ('vertex4', 0), ('vertex2', 0), ('vertex5', 0), ('vertex6', 0), ('vertex7', 0), ('vertex8', 0), ('vertex9', 2), ('vertex10', 0), ('vertex11', 0)]",0:00:00.135548,"[3.734836007109285, 5.886977153004757, 5.755388779222474, 3.068354607929142, 3.0464733709651894, 5.027385006143852, 3.9887466703213965, 22.506671099286862, 3.8263298341883702, 3.203248351283426]",[0.135548],8
1351643495.253,steps_tsp_current_occupancy_with_replanning,39.98,"[('vertex3', 0), ('vertex4', 0), ('vertex2', 0), ('vertex5', 0), ('vertex6', 0), ('vertex7', 0), ('vertex8', 0), ('vertex9', 0), ('vertex10', 0), ('vertex11', 0)]",0:00:00.143264,"[3.734836007109285, 5.886977153004757, 5.755388779222474, 3.068354607929142, 3.0464733709651894, 5.027385006143852, 3.9887466703213965, 2.5066710992868604, 3.8263298341883702, 3.203248351283426]",[0.143264],2
1351643495.253,steps_tsp_current_occupancy_with_replanning,39.98,"[('vertex3', 0), ('vertex4', 0), ('vertex2', 0), ('vertex5', 0), ('vertex6', 0), ('vertex7', 0), ('vertex8', 0), ('vertex9', 0), ('vertex10', 0), ('vertex11', 0)]",0:00:00.136260,"[3.734836007109285, 5.886977153004757, 5.755388779222474, 3.068354607929142, 3.0464733709651894, 5.027385006143852, 3.9887466703213965, 2.5066710992868604, 3.8263298341883702, 3.203248351283426]",[0.13626],5
1351643495.253,steps_tsp_current_occupancy_with_replanning,39.98,"[('vertex3', 0), ('vertex4', 0), ('vertex2', 0), ('vertex5', 0), ('vertex6', 0), ('vertex7', 0), ('vertex8', 0), ('vertex9', 0), ('vertex10', 0), ('vertex11', 0)]",0:00:00.135590,"[3.734836007109285, 5.886977153004757, 5.755388779222474, 3.068354607929142, 3.0464733709651894, 5.027385006143852, 3.9887466703213965, 2.5066710992868604, 3.8263298341883702, 3.203248351283426]",[0.13559],8
1351648943.591,steps_tsp_current_occupancy_with_replanning,59.98,"[('vertex3', 0), ('vertex4', 0), ('vertex2', 0), ('vertex5', 0), ('vertex6', 0), ('vertex7', 0), ('vertex8', 0), ('vertex9', 2), ('vertex10', 0), ('vertex11', 0)]",0:00:00.144808,"[3.734836007109285, 5.886977153004757, 5.755388779222474, 3.068354607929142, 3.0464733709651894, 5.027385006143852, 3.9887466703213965, 22.506671099286862, 3.8263298341883702, 3.203248351283426]",[0.144808],2
1351648943.591,steps_tsp_current_occupancy_with_replanning,59.98,"[('vertex3', 0), ('vertex4', 0), ('vertex2', 0), ('vertex5', 0), ('vertex6', 0), ('vertex7', 0), ('vertex8', 0), ('vertex9', 2), ('vertex10', 0), ('vertex11', 0)]",0:00:00.137724,"[3.734836007109285, 5.886977153004757, 5.755388779222474, 3.068354607929142, 3.0464733709651894, 5.027385006143852, 3.9887466703213965, 22.506671099286862, 3.8263298341883702, 3.203248351283426]",[0.137724],5
1351648943.591,steps_tsp_current_occupancy_with_replanning,59.98,"[('vertex3', 0), ('vertex4', 0), ('vertex2', 0), ('vertex5', 0), ('vertex6', 0), ('vertex7', 0), ('vertex8', 0), ('vertex9', 2), ('vertex10', 0), ('vertex11', 0)]",0:00:00.148351,"[3.734836007109285, 5.886977153004757, 5.755388779222474, 3.068354607929142, 3.0464733709651894, 5.027385006143852, 3.9887466703213965, 22.506671099286862, 3.8263298341883702, 3.203248351283426]",[0.148351],8
1351650423.0,steps_tsp_current_occupancy_with_replanning,49.98,"[('vertex3', 0), ('vertex4', 0), ('vertex2', 0), ('vertex5', 0), ('vertex6', 0), ('vertex7', 0), ('vertex8', 0), ('vertex9', 0), ('vertex10', 1), ('vertex11', 0)]",0:00:00.229670,"[3.734836007109285, 5.886977153004757, 5.755388779222474, 3.068354607929142, 3.0464733709651894, 5.027385006143852, 3.9887466703213965, 2.5066710992868604, 13.826329834188371, 3.203248351283426]",[0.22967],2
1351650423.0,steps_tsp_current_occupancy_with_replanning,49.98,"[('vertex3', 0), ('vertex4', 0), ('vertex2', 0), ('vertex5', 0), ('vertex6', 0), ('vertex7', 0), ('vertex8', 0), ('vertex9', 0), ('vertex10', 1), ('vertex11', 0)]",0:00:00.223486,"[3.734836007109285, 5.886977153004757, 5.755388779222474, 3.068354607929142, 3.0464733709651894, 5.027385006143852, 3.9887466703213965, 2.5066710992868604, 13.826329834188371, 3.203248351283426]",[0.223486],5
1351650423.0,steps_tsp_current_occupancy_with_replanning,49.98,"[('vertex3', 0), ('vertex4', 0), ('vertex2', 0), ('vertex5', 0), ('vertex6', 0), ('vertex7', 0), ('vertex8', 0), ('vertex9', 0), ('vertex10', 1), ('vertex11', 0)]",0:00:00.218430,"[3.734836007109285, 5.886977153004757, 5.755388779222474, 3.068354607929142, 3.0464733709651894, 5.027385006143852, 3.9887466703213965, 2.5066710992868604, 13.826329834188371, 3.203248351283426]",[0.21843],8
1351647935.174,steps_tsp_current_occupancy_with_replanning,39.98,"[('vertex3', 0), ('vertex4', 0), ('vertex2', 0), ('vertex5', 0), ('vertex6', 0), ('vertex7', 0), ('vertex8', 0), ('vertex9', 0), ('vertex10', 0), ('vertex11', 0)]",0:00:00.250323,"[3.734836007109285, 5.886977153004757, 5.755388779222474, 3.068354607929142, 3.0464733709651894, 5.027385006143852, 3.9887466703213965, 2.5066710992868604, 3.8263298341883702, 3.203248351283426]",[0.250323],2
1351647935.174,steps_tsp_current_occupancy_with_replanning,39.98,"[('vertex3', 0), ('vertex4', 0), ('vertex2', 0), ('vertex5', 0), ('vertex6', 0), ('vertex7', 0), ('vertex8', 0), ('vertex9', 0), ('vertex10', 0), ('vertex11', 0)]",0:00:00.173452,"[3.734836007109285, 5.886977153004757, 5.755388779222474, 3.068354607929142, 3.0464733709651894, 5.027385006143852, 3.9887466703213965, 2.5066710992868604, 3.8263298341883702, 3.203248351283426]",[0.173452],5
1351647935.174,steps_tsp_current_occupancy_with_replanning,39.98,"[('vertex3', 0), ('vertex4', 0), ('vertex2', 0), ('vertex5', 0), ('vertex6', 0), ('vertex7', 0), ('vertex8', 0), ('vertex9', 0), ('vertex10', 0), ('vertex11', 0)]",0:00:00.175387,"[3.734836007109285, 5.886977153004757, 5.755388779222474, 3.068354607929142, 3.0464733709651894, 5.027385006143852, 3.9887466703213965, 2.5066710992868604, 3.8263298341883702, 3.203248351283426]",[0.175387],8
1351644186.617,steps_tsp_current_occupancy_with_replanning,39.98,"[('vertex3', 0), ('vertex4', 0), ('vertex2', 0), ('vertex5', 0), ('vertex6', 0), ('vertex7', 0), ('vertex8', 0), ('vertex9', 0), ('vertex10', 0), ('vertex11', 0)]",0:00:00.134350,"[3.734836007109285, 5.886977153004757, 5.755388779222474, 3.068354607929142, 3.0464733709651894, 5.027385006143852, 3.9887466703213965, 2.5066710992868604, 3.8263298341883702, 3.203248351283426]",[0.13435],2
1351644186.617,steps_tsp_current_occupancy_with_replanning,39.98,"[('vertex3', 0), ('vertex4', 0), ('vertex2', 0), ('vertex5', 0), ('vertex6', 0), ('vertex7', 0), ('vertex8', 0), ('vertex9', 0), ('vertex10', 0), ('vertex11', 0)]",0:00:00.118874,"[3.734836007109285, 5.886977153004757, 5.755388779222474, 3.068354607929142, 3.0464733709651894, 5.027385006143852, 3.9887466703213965, 2.5066710992868604, 3.8263298341883702, 3.203248351283426]",[0.118874],5
1351644186.617,steps_tsp_current_occupancy_with_replanning,39.98,"[('vertex3', 0), ('vertex4', 0), ('vertex2', 0), ('vertex5', 0), ('vertex6', 0), ('vertex7', 0), ('vertex8', 0), ('vertex9', 0), ('vertex10', 0), ('vertex11', 0)]",0:00:00.117109,"[3.734836007109285, 5.886977153004757, 5.755388779222474, 3.068354607929142, 3.0464733709651894, 5.027385006143852, 3.9887466703213965, 2.5066710992868604, 3.8263298341883702, 3.203248351283426]",[0.117109],8
1351645749.881,steps_tsp_current_occupancy_with_replanning,39.98,"[('vertex3', 0), ('vertex4', 0), ('vertex2', 0), ('vertex5', 0), ('vertex6', 0), ('vertex7', 0), ('vertex8', 0), ('vertex9', 0), ('vertex10', 0), ('vertex11', 0)]",0:00:00.080267,"[3.734836007109285, 5.886977153004757, 5.755388779222474, 3.068354607929142, 3.0464733709651894, 5.027385006143852, 3.9887466703213965, 2.5066710992868604, 3.8263298341883702, 3.203248351283426]",[0.080267],2
1351645749.881,steps_tsp_current_occupancy_with_replanning,39.98,"[('vertex3', 0), ('vertex4', 0), ('vertex2', 0), ('vertex5', 0), ('vertex6', 0), ('vertex7', 0), ('vertex8', 0), ('vertex9', 0), ('vertex10', 0), ('vertex11', 0)]",0:00:00.083649,"[3.734836007109285, 5.886977153004757, 5.755388779222474, 3.068354607929142, 3.0464733709651894, 5.027385006143852, 3.9887466703213965, 2.5066710992868604, 3.8263298341883702, 3.203248351283426]",[0.083649],5
1351645749.881,steps_tsp_current_occupancy_with_replanning,39.98,"[('vertex3', 0), ('vertex4', 0), ('vertex2', 0), ('vertex5', 0), ('vertex6', 0), ('vertex7', 0), ('vertex8', 0), ('vertex9', 0), ('vertex10', 0), ('vertex11', 0)]",0:00:00.088221,"[3.734836007109285, 5.886977153004757, 5.755388779222474, 3.068354607929142, 3.0464733709651894, 5.027385006143852, 3.9887466703213965, 2.5066710992868604, 3.8263298341883702, 3.203248351283426]",[0.088221],8
1351651158.674,steps_tsp_current_occupancy_with_replanning,59.98,"[('vertex3', 0), ('vertex4', 0), ('vertex2', 0), ('vertex5', 2), ('vertex6', 0), ('vertex7', 0), ('vertex8', 0), ('vertex9', 0), ('vertex10', 0), ('vertex11', 0)]",0:00:00.260551,"[3.734836007109285, 5.886977153004757, 5.755388779222474, 23.06835460792914, 3.0464733709651894, 5.027385006143852, 3.9887466703213965, 2.5066710992868604, 3.8263298341883702, 3.203248351283426]",[0.260551],2
1351651158.674,steps_tsp_current_occupancy_with_replanning,59.98,"[('vertex3', 0), ('vertex4', 0), ('vertex2', 0), ('vertex5', 2), ('vertex6', 0), ('vertex7', 0), ('vertex8', 0), ('vertex9', 0), ('vertex10', 0), ('vertex11', 0)]",0:00:00.256201,"[3.734836007109285, 5.886977153004757, 5.755388779222474, 23.06835460792914, 3.0464733709651894, 5.027385006143852, 3.9887466703213965, 2.5066710992868604, 3.8263298341883702, 3.203248351283426]",[0.256201],5
1351651158.674,steps_tsp_current_occupancy_with_replanning,59.98,"[('vertex3', 0), ('vertex4', 0), ('vertex2', 0), ('vertex5', 2), ('vertex6', 0), ('vertex7', 0), ('vertex8', 0), ('vertex9', 0), ('vertex10', 0), ('vertex11', 0)]",0:00:00.284218,"[3.734836007109285, 5.886977153004757, 5.755388779222474, 23.06835460792914, 3.0464733709651894, 5.027385006143852, 3.9887466703213965, 2.5066710992868604, 3.8263298341883702, 3.203248351283426]",[0.284218],8
1351649955.723,steps_tsp_current_occupancy_with_replanning,49.98,"[('vertex3', 0), ('vertex4', 0), ('vertex2', 0), ('vertex5', 0), ('vertex6', 0), ('vertex7', 0), ('vertex8', 0), ('vertex9', 1), ('vertex10', 0), ('vertex11', 0)]",0:00:00.182152,"[3.734836007109285, 5.886977153004757, 5.755388779222474, 3.068354607929142, 3.0464733709651894, 5.027385006143852, 3.9887466703213965, 12.50667109928686, 3.8263298341883702, 3.203248351283426]",[0.182152],2
1351649955.723,steps_tsp_current_occupancy_with_replanning,49.98,"[('vertex3', 0), ('vertex4', 0), ('vertex2', 0), ('vertex5', 0), ('vertex6', 0), ('vertex7', 0), ('vertex8', 0), ('vertex9', 1), ('vertex10', 0), ('vertex11', 0)]",0:00:00.159822,"[3.734836007109285, 5.886977153004757, 5.755388779222474, 3.068354607929142, 3.0464733709651894, 5.027385006143852, 3.9887466703213965, 12.50667109928686, 3.8263298341883702, 3.203248351283426]",[0.159822],5
1351649955.723,steps_tsp_current_occupancy_with_replanning,49.98,"[('vertex3', 0), ('vertex4', 0), ('vertex2', 0), ('vertex5', 0), ('vertex6', 0), ('vertex7', 0), ('vertex8', 0), ('vertex9', 1), ('vertex10', 0), ('vertex11', 0)]",0:00:00.171225,"[3.734836007109285, 5.886977153004757, 5.755388779222474, 3.068354607929142, 3.0464733709651894, 5.027385006143852, 3.9887466703213965, 12.50667109928686, 3.8263298341883702, 3.203248351283426]",[0.171225],8
1351648517.098,steps_tsp_current_occupancy_with_replanning,39.98,"[('vertex3', 0), ('vertex4', 0), ('vertex2', 0), ('vertex5', 0), ('vertex6', 0), ('vertex7', 0), ('vertex8', 0), ('vertex9', 0), ('vertex10', 0), ('vertex11', 0)]",0:00:00.194503,"[3.734836007109285, 5.886977153004757, 5.755388779222474, 3.068354607929142, 3.0464733709651894, 5.027385006143852, 3.9887466703213965, 2.5066710992868604, 3.8263298341883702, 3.203248351283426]",[0.194503],2
1351648517.098,steps_tsp_current_occupancy_with_replanning,39.98,"[('vertex3', 0), ('vertex4', 0), ('vertex2', 0), ('vertex5', 0), ('vertex6', 0), ('vertex7', 0), ('vertex8', 0), ('vertex9', 0), ('vertex10', 0), ('vertex11', 0)]",0:00:00.182608,"[3.734836007109285, 5.886977153004757, 5.755388779222474, 3.068354607929142, 3.0464733709651894, 5.027385006143852, 3.9887466703213965, 2.5066710992868604, 3.8263298341883702, 3.203248351283426]",[0.182608],5
1351648517.098,steps_tsp_current_occupancy_with_replanning,39.98,"[('vertex3', 0), ('vertex4', 0), ('vertex2', 0), ('vertex5', 0), ('vertex6', 0), ('vertex7', 0), ('vertex8', 0), ('vertex9', 0), ('vertex10', 0), ('vertex11', 0)]",0:00:00.190217,"[3.734836007109285, 5.886977153004757, 5.755388779222474, 3.068354607929142, 3.0464733709651894, 5.027385006143852, 3.9887466703213965, 2.5066710992868604, 3.8263298341883702, 3.203248351283426]",[0.190217],8
1351649339.27,steps_tsp_current_occupancy_with_replanning,69.98,"[('vertex3', 0), ('vertex4', 0), ('vertex2', 0), ('vertex5', 0), ('vertex6', 1), ('vertex7', 1), ('vertex8', 0), ('vertex9', 0), ('vertex10', 0), ('vertex11', 1)]",0:00:00.187977,"[3.734836007109285, 5.886977153004757, 5.755388779222474, 3.068354607929142, 13.04647337096519, 15.027385006143852, 3.9887466703213965, 2.5066710992868604, 3.8263298341883702, 13.203248351283426]",[0.187977],2
1351649339.27,steps_tsp_current_occupancy_with_replanning,69.98,"[('vertex3', 0), ('vertex4', 0), ('vertex2', 0), ('vertex5', 0), ('vertex6', 1), ('vertex7', 1), ('vertex8', 0), ('vertex9', 0), ('vertex10', 0), ('vertex11', 1)]",0:00:00.194993,"[3.734836007109285, 5.886977153004757, 5.755388779222474, 3.068354607929142, 13.04647337096519, 15.027385006143852, 3.9887466703213965, 2.5066710992868604, 3.8263298341883702, 13.203248351283426]",[0.194993],5
1351649339.27,steps_tsp_current_occupancy_with_replanning,69.98,"[('vertex3', 0), ('vertex4', 0), ('vertex2', 0), ('vertex5', 0), ('vertex6', 1), ('vertex7', 1), ('vertex8', 0), ('vertex9', 0), ('vertex10', 0), ('vertex11', 1)]",0:00:00.187977,"[3.734836007109285, 5.886977153004757, 5.755388779222474, 3.068354607929142, 13.04647337096519, 15.027385006143852, 3.9887466703213965, 2.5066710992868604, 3.8263298341883702, 13.203248351283426]",[0.187977],8
1351647770.436,steps_tsp_current_occupancy_with_replanning,59.98,"[('vertex3', 0), ('vertex4', 0), ('vertex2', 0), ('vertex5', 0), ('vertex6', 0), ('vertex7', 0), ('vertex8', 0), ('vertex9', 0), ('vertex10', 0), ('vertex11', 2)]",0:00:00.244866,"[3.734836007109285, 5.886977153004757, 5.755388779222474, 3.068354607929142, 3.0464733709651894, 5.027385006143852, 3.9887466703213965, 2.5066710992868604, 3.8263298341883702, 23.203248351283428]",[0.244866],2
1351647770.436,steps_tsp_current_occupancy_with_replanning,59.98,"[('vertex3', 0), ('vertex4', 0), ('vertex2', 0), ('vertex5', 0), ('vertex6', 0), ('vertex7', 0), ('vertex8', 0), ('vertex9', 0), ('vertex10', 0), ('vertex11', 2)]",0:00:00.227153,"[3.734836007109285, 5.886977153004757, 5.755388779222474, 3.068354607929142, 3.0464733709651894, 5.027385006143852, 3.9887466703213965, 2.5066710992868604, 3.8263298341883702, 23.203248351283428]",[0.227153],5
1351647770.436,steps_tsp_current_occupancy_with_replanning,59.98,"[('vertex3', 0), ('vertex4', 0), ('vertex2', 0), ('vertex5', 0), ('vertex6', 0), ('vertex7', 0), ('vertex8', 0), ('vertex9', 0), ('vertex10', 0), ('vertex11', 2)]",0:00:00.225097,"[3.734836007109285, 5.886977153004757, 5.755388779222474, 3.068354607929142, 3.0464733709651894, 5.027385006143852, 3.9887466703213965, 2.5066710992868604, 3.8263298341883702, 23.203248351283428]",[0.225097],8
1351647808.246,steps_tsp_current_occupancy_with_replanning,69.98,"[('vertex3', 0), ('vertex4', 0), ('vertex2', 0), ('vertex5', 0), ('vertex6', 1), ('vertex7', 0), ('vertex8', 2), ('vertex9', 0), ('vertex10', 0), ('vertex11', 0)]",0:00:00.209982,"[3.734836007109285, 5.886977153004757, 5.755388779222474, 3.068354607929142, 13.04647337096519, 5.027385006143852, 23.988746670321397, 2.5066710992868604, 3.8263298341883702, 3.203248351283426]",[0.209982],2
1351647808.246,steps_tsp_current_occupancy_with_replanning,69.98,"[('vertex3', 0), ('vertex4', 0), ('vertex2', 0), ('vertex5', 0), ('vertex6', 1), ('vertex7', 0), ('vertex8', 2), ('vertex9', 0), ('vertex10', 0), ('vertex11', 0)]",0:00:00.216960,"[3.734836007109285, 5.886977153004757, 5.755388779222474, 3.068354607929142, 13.04647337096519, 5.027385006143852, 23.988746670321397, 2.5066710992868604, 3.8263298341883702, 3.203248351283426]",[0.21696],5
1351647808.246,steps_tsp_current_occupancy_with_replanning,69.98,"[('vertex3', 0), ('vertex4', 0), ('vertex2', 0), ('vertex5', 0), ('vertex6', 1), ('vertex7', 0), ('vertex8', 2), ('vertex9', 0), ('vertex10', 0), ('vertex11', 0)]",0:00:00.222348,"[3.734836007109285, 5.886977153004757, 5.755388779222474, 3.068354607929142, 13.04647337096519, 5.027385006143852, 23.988746670321397, 2.5066710992868604, 3.8263298341883702, 3.203248351283426]",[0.222348],8
1351646115.197,steps_tsp_current_occupancy_with_replanning,39.98,"[('vertex3', 0), ('vertex4', 0), ('vertex2', 0), ('vertex5', 0), ('vertex6', 0), ('vertex7', 0), ('vertex8', 0), ('vertex9', 0), ('vertex10', 0), ('vertex11', 0)]",0:00:00.155104,"[3.734836007109285, 5.886977153004757, 5.755388779222474, 3.068354607929142, 3.0464733709651894, 5.027385006143852, 3.9887466703213965, 2.5066710992868604, 3.8263298341883702, 3.203248351283426]",[0.155104],2
1351646115.197,steps_tsp_current_occupancy_with_replanning,39.98,"[('vertex3', 0), ('vertex4', 0), ('vertex2', 0), ('vertex5', 0), ('vertex6', 0), ('vertex7', 0), ('vertex8', 0), ('vertex9', 0), ('vertex10', 0), ('vertex11', 0)]",0:00:00.164179,"[3.734836007109285, 5.886977153004757, 5.755388779222474, 3.068354607929142, 3.0464733709651894, 5.027385006143852, 3.9887466703213965, 2.5066710992868604, 3.8263298341883702, 3.203248351283426]",[0.164179],5
1351646115.197,steps_tsp_current_occupancy_with_replanning,39.98,"[('vertex3', 0), ('vertex4', 0), ('vertex2', 0), ('vertex5', 0), ('vertex6', 0), ('vertex7', 0), ('vertex8', 0), ('vertex9', 0), ('vertex10', 0), ('vertex11', 0)]",0:00:00.169472,"[3.734836007109285, 5.886977153004757, 5.755388779222474, 3.068354607929142, 3.0464733709651894, 5.027385006143852, 3.9887466703213965, 2.5066710992868604, 3.8263298341883702, 3.203248351283426]",[0.169472],8
1351651058.863,steps_tsp_current_occupancy_with_replanning,39.98,"[('vertex3', 0), ('vertex4', 0), ('vertex2', 0), ('vertex5', 0), ('vertex6', 0), ('vertex7', 0), ('vertex8', 0), ('vertex9', 0), ('vertex10', 0), ('vertex11', 0)]",0:00:00.287260,"[3.734836007109285, 5.886977153004757, 5.755388779222474, 3.068354607929142, 3.0464733709651894, 5.027385006143852, 3.9887466703213965, 2.5066710992868604, 3.8263298341883702, 3.203248351283426]",[0.28726],2
1351651058.863,steps_tsp_current_occupancy_with_replanning,39.98,"[('vertex3', 0), ('vertex4', 0), ('vertex2', 0), ('vertex5', 0), ('vertex6', 0), ('vertex7', 0), ('vertex8', 0), ('vertex9', 0), ('vertex10', 0), ('vertex11', 0)]",0:00:00.285395,"[3.734836007109285, 5.886977153004757, 5.755388779222474, 3.068354607929142, 3.0464733709651894, 5.027385006143852, 3.9887466703213965, 2.5066710992868604, 3.8263298341883702, 3.203248351283426]",[0.285395],5
1351651058.863,steps_tsp_current_occupancy_with_replanning,39.98,"[('vertex3', 0), ('vertex4', 0), ('vertex2', 0), ('vertex5', 0), ('vertex6', 0), ('vertex7', 0), ('vertex8', 0), ('vertex9', 0), ('vertex10', 0), ('vertex11', 0)]",0:00:00.281193,"[3.734836007109285, 5.886977153004757, 5.755388779222474, 3.068354607929142, 3.0464733709651894, 5.027385006143852, 3.9887466703213965, 2.5066710992868604, 3.8263298341883702, 3.203248351283426]",[0.281193],8
1351644080.68,steps_tsp_current_occupancy_with_replanning,39.98,"[('vertex3', 0), ('vertex4', 0), ('vertex2', 0), ('vertex5', 0), ('vertex6', 0), ('vertex7', 0), ('vertex8', 0), ('vertex9', 0), ('vertex10', 0), ('vertex11', 0)]",0:00:00.089554,"[3.734836007109285, 5.886977153004757, 5.755388779222474, 3.068354607929142, 3.0464733709651894, 5.027385006143852, 3.9887466703213965, 2.5066710992868604, 3.8263298341883702, 3.203248351283426]",[0.089554],2
1351644080.68,steps_tsp_current_occupancy_with_replanning,39.98,"[('vertex3', 0), ('vertex4', 0), ('vertex2', 0), ('vertex5', 0), ('vertex6', 0), ('vertex7', 0), ('vertex8', 0), ('vertex9', 0), ('vertex10', 0), ('vertex11', 0)]",0:00:00.088374,"[3.734836007109285, 5.886977153004757, 5.755388779222474, 3.068354607929142, 3.0464733709651894, 5.027385006143852, 3.9887466703213965, 2.5066710992868604, 3.8263298341883702, 3.203248351283426]",[0.088374],5
1351644080.68,steps_tsp_current_occupancy_with_replanning,39.98,"[('vertex3', 0), ('vertex4', 0), ('vertex2', 0), ('vertex5', 0), ('vertex6', 0), ('vertex7', 0), ('vertex8', 0), ('vertex9', 0), ('vertex10', 0), ('vertex11', 0)]",0:00:00.084667,"[3.734836007109285, 5.886977153004757, 5.755388779222474, 3.068354607929142, 3.0464733709651894, 5.027385006143852, 3.9887466703213965, 2.5066710992868604, 3.8263298341883702, 3.203248351283426]",[0.084667],8
1351647475.0,steps_tsp_current_occupancy_with_replanning,49.98,"[('vertex3', 0), ('vertex4', 0), ('vertex2', 0), ('vertex5', 0), ('vertex6', 0), ('vertex7', 0), ('vertex8', 0), ('vertex9', 1), ('vertex10', 0), ('vertex11', 0)]",0:00:00.195207,"[3.734836007109285, 5.886977153004757, 5.755388779222474, 3.068354607929142, 3.0464733709651894, 5.027385006143852, 3.9887466703213965, 12.50667109928686, 3.8263298341883702, 3.203248351283426]",[0.195207],2
1351647475.0,steps_tsp_current_occupancy_with_replanning,49.98,"[('vertex3', 0), ('vertex4', 0), ('vertex2', 0), ('vertex5', 0), ('vertex6', 0), ('vertex7', 0), ('vertex8', 0), ('vertex9', 1), ('vertex10', 0), ('vertex11', 0)]",0:00:00.184029,"[3.734836007109285, 5.886977153004757, 5.755388779222474, 3.068354607929142, 3.0464733709651894, 5.027385006143852, 3.9887466703213965, 12.50667109928686, 3.8263298341883702, 3.203248351283426]",[0.184029],5
1351647475.0,steps_tsp_current_occupancy_with_replanning,49.98,"[('vertex3', 0), ('vertex4', 0), ('vertex2', 0), ('vertex5', 0), ('vertex6', 0), ('vertex7', 0), ('vertex8', 0), ('vertex9', 1), ('vertex10', 0), ('vertex11', 0)]",0:00:00.187458,"[3.734836007109285, 5.886977153004757, 5.755388779222474, 3.068354607929142, 3.0464733709651894, 5.027385006143852, 3.9887466703213965, 12.50667109928686, 3.8263298341883702, 3.203248351283426]",[0.187458],8
1351644411.427,steps_tsp_current_occupancy_with_replanning,59.98,"[('vertex3', 0), ('vertex4', 0), ('vertex2', 0), ('vertex5', 0), ('vertex6', 2), ('vertex7', 0), ('vertex8', 0), ('vertex9', 0), ('vertex10', 0), ('vertex11', 0)]",0:00:00.123290,"[3.734836007109285, 5.886977153004757, 5.755388779222474, 3.068354607929142, 23.046473370965188, 5.027385006143852, 3.9887466703213965, 2.5066710992868604, 3.8263298341883702, 3.203248351283426]",[0.12329],2
1351644411.427,steps_tsp_current_occupancy_with_replanning,59.98,"[('vertex3', 0), ('vertex4', 0), ('vertex2', 0), ('vertex5', 0), ('vertex6', 2), ('vertex7', 0), ('vertex8', 0), ('vertex9', 0), ('vertex10', 0), ('vertex11', 0)]",0:00:00.122339,"[3.734836007109285, 5.886977153004757, 5.755388779222474, 3.068354607929142, 23.046473370965188, 5.027385006143852, 3.9887466703213965, 2.5066710992868604, 3.8263298341883702, 3.203248351283426]",[0.122339],5
1351644411.427,steps_tsp_current_occupancy_with_replanning,59.98,"[('vertex3', 0), ('vertex4', 0), ('vertex2', 0), ('vertex5', 0), ('vertex6', 2), ('vertex7', 0), ('vertex8', 0), ('vertex9', 0), ('vertex10', 0), ('vertex11', 0)]",0:00:00.127681,"[3.734836007109285, 5.886977153004757, 5.755388779222474, 3.068354607929142, 23.046473370965188, 5.027385006143852, 3.9887466703213965, 2.5066710992868604, 3.8263298341883702, 3.203248351283426]",[0.127681],8
1351650423.271,steps_tsp_current_occupancy_with_replanning,49.98,"[('vertex3', 0), ('vertex4', 0), ('vertex2', 0), ('vertex5', 0), ('vertex6', 0), ('vertex7', 0), ('vertex8', 0), ('vertex9', 0), ('vertex10', 1), ('vertex11', 0)]",0:00:00.225589,"[3.734836007109285, 5.886977153004757, 5.755388779222474, 3.068354607929142, 3.0464733709651894, 5.027385006143852, 3.9887466703213965, 2.5066710992868604, 13.826329834188371, 3.203248351283426]",[0.225589],2
1351650423.271,steps_tsp_current_occupancy_with_replanning,49.98,"[('vertex3', 0), ('vertex4', 0), ('vertex2', 0), ('vertex5', 0), ('vertex6', 0), ('vertex7', 0), ('vertex8', 0), ('vertex9', 0), ('vertex10', 1), ('vertex11', 0)]",0:00:00.222732,"[3.734836007109285, 5.886977153004757, 5.755388779222474, 3.068354607929142, 3.0464733709651894, 5.027385006143852, 3.9887466703213965, 2.5066710992868604, 13.826329834188371, 3.203248351283426]",[0.222732],5
1351650423.271,steps_tsp_current_occupancy_with_replanning,49.98,"[('vertex3', 0), ('vertex4', 0), ('vertex2', 0), ('vertex5', 0), ('vertex6', 0), ('vertex7', 0), ('vertex8', 0), ('vertex9', 0), ('vertex10', 1), ('vertex11', 0)]",0:00:00.225419,"[3.734836007109285, 5.886977153004757, 5.755388779222474, 3.068354607929142, 3.0464733709651894, 5.027385006143852, 3.9887466703213965, 2.5066710992868604, 13.826329834188371, 3.203248351283426]",[0.225419],8
1351645952.929,steps_tsp_current_occupancy_with_replanning,49.98,"[('vertex3', 0), ('vertex4', 0), ('vertex2', 0), ('vertex5', 0), ('vertex6', 0), ('vertex7', 0), ('vertex8', 0), ('vertex9', 1), ('vertex10', 0), ('vertex11', 0)]",0:00:00.150656,"[3.734836007109285, 5.886977153004757, 5.755388779222474, 3.068354607929142, 3.0464733709651894, 5.027385006143852, 3.9887466703213965, 12.50667109928686, 3.8263298341883702, 3.203248351283426]",[0.150656],2
1351645952.929,steps_tsp_current_occupancy_with_replanning,49.98,"[('vertex3', 0), ('vertex4', 0), ('vertex2', 0), ('vertex5', 0), ('vertex6', 0), ('vertex7', 0), ('vertex8', 0), ('vertex9', 1), ('vertex10', 0), ('vertex11', 0)]",0:00:00.161484,"[3.734836007109285, 5.886977153004757, 5.755388779222474, 3.068354607929142, 3.0464733709651894, 5.027385006143852, 3.9887466703213965, 12.50667109928686, 3.8263298341883702, 3.203248351283426]",[0.161484],5
1351645952.929,steps_tsp_current_occupancy_with_replanning,49.98,"[('vertex3', 0), ('vertex4', 0), ('vertex2', 0), ('vertex5', 0), ('vertex6', 0), ('vertex7', 0), ('vertex8', 0), ('vertex9', 1), ('vertex10', 0), ('vertex11', 0)]",0:00:00.154547,"[3.734836007109285, 5.886977153004757, 5.755388779222474, 3.068354607929142, 3.0464733709651894, 5.027385006143852, 3.9887466703213965, 12.50667109928686, 3.8263298341883702, 3.203248351283426]",[0.154547],8
1351649169.963,steps_tsp_current_occupancy_with_replanning,59.98,"[('vertex3', 0), ('vertex4', 0), ('vertex2', 0), ('vertex5', 0), ('vertex6', 0), ('vertex7', 0), ('vertex8', 2), ('vertex9', 0), ('vertex10', 0), ('vertex11', 0)]",0:00:00.161918,"[3.734836007109285, 5.886977153004757, 5.755388779222474, 3.068354607929142, 3.0464733709651894, 5.027385006143852, 23.988746670321397, 2.5066710992868604, 3.8263298341883702, 3.203248351283426]",[0.161918],2
1351649169.963,steps_tsp_current_occupancy_with_replanning,59.98,"[('vertex3', 0), ('vertex4', 0), ('vertex2', 0), ('vertex5', 0), ('vertex6', 0), ('vertex7', 0), ('vertex8', 2), ('vertex9', 0), ('vertex10', 0), ('vertex11', 0)]",0:00:00.164667,"[3.734836007109285, 5.886977153004757, 5.755388779222474, 3.068354607929142, 3.0464733709651894, 5.027385006143852, 23.988746670321397, 2.5066710992868604, 3.8263298341883702, 3.203248351283426]",[0.164667],5
1351649169.963,steps_tsp_current_occupancy_with_replanning,59.98,"[('vertex3', 0), ('vertex4', 0), ('vertex2', 0), ('vertex5', 0), ('vertex6', 0), ('vertex7', 0), ('vertex8', 2), ('vertex9', 0), ('vertex10', 0), ('vertex11', 0)]",0:00:00.157974,"[3.734836007109285, 5.886977153004757, 5.755388779222474, 3.068354607929142, 3.0464733709651894, 5.027385006143852, 23.988746670321397, 2.5066710992868604, 3.8263298341883702, 3.203248351283426]",[0.157974],8
1351651036.338,steps_tsp_current_occupancy_with_replanning,39.98,"[('vertex3', 0), ('vertex4', 0), ('vertex2', 0), ('vertex5', 0), ('vertex6', 0), ('vertex7', 0), ('vertex8', 0), ('vertex9', 0), ('vertex10', 0), ('vertex11', 0)]",0:00:00.266513,"[3.734836007109285, 5.886977153004757, 5.755388779222474, 3.068354607929142, 3.0464733709651894, 5.027385006143852, 3.9887466703213965, 2.5066710992868604, 3.8263298341883702, 3.203248351283426]",[0.266513],2
1351651036.338,steps_tsp_current_occupancy_with_replanning,39.98,"[('vertex3', 0), ('vertex4', 0), ('vertex2', 0), ('vertex5', 0), ('vertex6', 0), ('vertex7', 0), ('vertex8', 0), ('vertex9', 0), ('vertex10', 0), ('vertex11', 0)]",0:00:00.265070,"[3.734836007109285, 5.886977153004757, 5.755388779222474, 3.068354607929142, 3.0464733709651894, 5.027385006143852, 3.9887466703213965, 2.5066710992868604, 3.8263298341883702, 3.203248351283426]",[0.26507],5
1351651036.338,steps_tsp_current_occupancy_with_replanning,39.98,"[('vertex3', 0), ('vertex4', 0), ('vertex2', 0), ('vertex5', 0), ('vertex6', 0), ('vertex7', 0), ('vertex8', 0), ('vertex9', 0), ('vertex10', 0), ('vertex11', 0)]",0:00:00.259379,"[3.734836007109285, 5.886977153004757, 5.755388779222474, 3.068354607929142, 3.0464733709651894, 5.027385006143852, 3.9887466703213965, 2.5066710992868604, 3.8263298341883702, 3.203248351283426]",[0.259379],8
1351650538.285,steps_tsp_current_occupancy_with_replanning,89.98,"[('vertex3', 0), ('vertex4', 0), ('vertex2', 0), ('vertex5', 1), ('vertex6', 2), ('vertex7', 0), ('vertex8', 2), ('vertex9', 0), ('vertex10', 0), ('vertex11', 0)]",0:00:00.212768,"[3.734836007109285, 5.886977153004757, 5.755388779222474, 13.068354607929141, 23.046473370965188, 5.027385006143852, 23.988746670321397, 2.5066710992868604, 3.8263298341883702, 3.203248351283426]",[0.212768],2
1351650538.285,steps_tsp_current_occupancy_with_replanning,89.98,"[('vertex3', 0), ('vertex4', 0), ('vertex2', 0), ('vertex5', 1), ('vertex6', 2), ('vertex7', 0), ('vertex8', 2), ('vertex9', 0), ('vertex10', 0), ('vertex11', 0)]",0:00:00.195331,"[3.734836007109285, 5.886977153004757, 5.755388779222474, 13.068354607929141, 23.046473370965188, 5.027385006143852, 23.988746670321397, 2.5066710992868604, 3.8263298341883702, 3.203248351283426]",[0.195331],5
1351650538.285,steps_tsp_current_occupancy_with_replanning,89.98,"[('vertex3', 0), ('vertex4', 0), ('vertex2', 0), ('vertex5', 1), ('vertex6', 2), ('vertex7', 0), ('vertex8', 2), ('vertex9', 0), ('vertex10', 0), ('vertex11', 0)]",0:00:00.198510,"[3.734836007109285, 5.886977153004757, 5.755388779222474, 13.068354607929141, 23.046473370965188, 5.027385006143852, 23.988746670321397, 2.5066710992868604, 3.8263298341883702, 3.203248351283426]",[0.19851],8
1351648873.953,steps_tsp_current_occupancy_with_replanning,49.98,"[('vertex3', 0), ('vertex4', 0), ('vertex2', 0), ('vertex5', 0), ('vertex6', 0), ('vertex7', 0), ('vertex8', 0), ('vertex9', 0), ('vertex10', 0), ('vertex11', 1)]",0:00:00.150816,"[3.734836007109285, 5.886977153004757, 5.755388779222474, 3.068354607929142, 3.0464733709651894, 5.027385006143852, 3.9887466703213965, 2.5066710992868604, 3.8263298341883702, 13.203248351283426]",[0.150816],2
1351648873.953,steps_tsp_current_occupancy_with_replanning,49.98,"[('vertex3', 0), ('vertex4', 0), ('vertex2', 0), ('vertex5', 0), ('vertex6', 0), ('vertex7', 0), ('vertex8', 0), ('vertex9', 0), ('vertex10', 0), ('vertex11', 1)]",0:00:00.148513,"[3.734836007109285, 5.886977153004757, 5.755388779222474, 3.068354607929142, 3.0464733709651894, 5.027385006143852, 3.9887466703213965, 2.5066710992868604, 3.8263298341883702, 13.203248351283426]",[0.148513],5
1351648873.953,steps_tsp_current_occupancy_with_replanning,49.98,"[('vertex3', 0), ('vertex4', 0), ('vertex2', 0), ('vertex5', 0), ('vertex6', 0), ('vertex7', 0), ('vertex8', 0), ('vertex9', 0), ('vertex10', 0), ('vertex11', 1)]",0:00:00.146287,"[3.734836007109285, 5.886977153004757, 5.755388779222474, 3.068354607929142, 3.0464733709651894, 5.027385006143852, 3.9887466703213965, 2.5066710992868604, 3.8263298341883702, 13.203248351283426]",[0.146287],8
1351643664.117,steps_tsp_current_occupancy_with_replanning,59.98,"[('vertex3', 0), ('vertex4', 0), ('vertex2', 0), ('vertex5', 0), ('vertex6', 0), ('vertex7', 2), ('vertex8', 0), ('vertex9', 0), ('vertex10', 0), ('vertex11', 0)]",0:00:00.132517,"[3.734836007109285, 5.886977153004757, 5.755388779222474, 3.068354607929142, 3.0464733709651894, 25.027385006143852, 3.9887466703213965, 2.5066710992868604, 3.8263298341883702, 3.203248351283426]",[0.132517],2
1351643664.117,steps_tsp_current_occupancy_with_replanning,59.98,"[('vertex3', 0), ('vertex4', 0), ('vertex2', 0), ('vertex5', 0), ('vertex6', 0), ('vertex7', 2), ('vertex8', 0), ('vertex9', 0), ('vertex10', 0), ('vertex11', 0)]",0:00:00.133699,"[3.734836007109285, 5.886977153004757, 5.755388779222474, 3.068354607929142, 3.0464733709651894, 25.027385006143852, 3.9887466703213965, 2.5066710992868604, 3.8263298341883702, 3.203248351283426]",[0.133699],5
1351643664.117,steps_tsp_current_occupancy_with_replanning,59.98,"[('vertex3', 0), ('vertex4', 0), ('vertex2', 0), ('vertex5', 0), ('vertex6', 0), ('vertex7', 2), ('vertex8', 0), ('vertex9', 0), ('vertex10', 0), ('vertex11', 0)]",0:00:00.127596,"[3.734836007109285, 5.886977153004757, 5.755388779222474, 3.068354607929142, 3.0464733709651894, 25.027385006143852, 3.9887466703213965, 2.5066710992868604, 3.8263298341883702, 3.203248351283426]",[0.127596],8
1351648641.592,steps_tsp_current_occupancy_with_replanning,39.98,"[('vertex3', 0), ('vertex4', 0), ('vertex2', 0), ('vertex5', 0), ('vertex6', 0), ('vertex7', 0), ('vertex8', 0), ('vertex9', 0), ('vertex10', 0), ('vertex11', 0)]",0:00:00.133293,"[3.734836007109285, 5.886977153004757, 5.755388779222474, 3.068354607929142, 3.0464733709651894, 5.027385006143852, 3.9887466703213965, 2.5066710992868604, 3.8263298341883702, 3.203248351283426]",[0.133293],2
1351648641.592,steps_tsp_current_occupancy_with_replanning,39.98,"[('vertex3', 0), ('vertex4', 0), ('vertex2', 0), ('vertex5', 0), ('vertex6', 0), ('vertex7', 0), ('vertex8', 0), ('vertex9', 0), ('vertex10', 0), ('vertex11', 0)]",0:00:00.136158,"[3.734836007109285, 5.886977153004757, 5.755388779222474, 3.068354607929142, 3.0464733709651894, 5.027385006143852, 3.9887466703213965, 2.5066710992868604, 3.8263298341883702, 3.203248351283426]",[0.136158],5
1351648641.592,steps_tsp_current_occupancy_with_replanning,39.98,"[('vertex3', 0), ('vertex4', 0), ('vertex2', 0), ('vertex5', 0), ('vertex6', 0), ('vertex7', 0), ('vertex8', 0), ('vertex9', 0), ('vertex10', 0), ('vertex11', 0)]",0:00:00.125421,"[3.734836007109285, 5.886977153004757, 5.755388779222474, 3.068354607929142, 3.0464733709651894, 5.027385006143852, 3.9887466703213965, 2.5066710992868604, 3.8263298341883702, 3.203248351283426]",[0.125421],8
1351642058.707,steps_tsp_current_occupancy_with_replanning,59.98,"[('vertex3', 0), ('vertex4', 0), ('vertex2', 0), ('vertex5', 0), ('vertex6', 0), ('vertex7', 0), ('vertex8', 0), ('vertex9', 2), ('vertex10', 0), ('vertex11', 0)]",0:00:00.100229,"[3.734836007109285, 5.886977153004757, 5.755388779222474, 3.068354607929142, 3.0464733709651894, 5.027385006143852, 3.9887466703213965, 22.506671099286862, 3.8263298341883702, 3.203248351283426]",[0.100229],2
1351642058.707,steps_tsp_current_occupancy_with_replanning,59.98,"[('vertex3', 0), ('vertex4', 0), ('vertex2', 0), ('vertex5', 0), ('vertex6', 0), ('vertex7', 0), ('vertex8', 0), ('vertex9', 2), ('vertex10', 0), ('vertex11', 0)]",0:00:00.107968,"[3.734836007109285, 5.886977153004757, 5.755388779222474, 3.068354607929142, 3.0464733709651894, 5.027385006143852, 3.9887466703213965, 22.506671099286862, 3.8263298341883702, 3.203248351283426]",[0.107968],5
1351642058.707,steps_tsp_current_occupancy_with_replanning,59.98,"[('vertex3', 0), ('vertex4', 0), ('vertex2', 0), ('vertex5', 0), ('vertex6', 0), ('vertex7', 0), ('vertex8', 0), ('vertex9', 2), ('vertex10', 0), ('vertex11', 0)]",0:00:00.112288,"[3.734836007109285, 5.886977153004757, 5.755388779222474, 3.068354607929142, 3.0464733709651894, 5.027385006143852, 3.9887466703213965, 22.506671099286862, 3.8263298341883702, 3.203248351283426]",[0.112288],8
1351651158.0,steps_tsp_current_occupancy_with_replanning,69.98,"[('vertex3', 0), ('vertex4', 0), ('vertex2', 0), ('vertex5', 1), ('vertex6', 0), ('vertex7', 0), ('vertex8', 0), ('vertex9', 0), ('vertex10', 0), ('vertex11', 2)]",0:00:00.243493,"[3.734836007109285, 5.886977153004757, 5.755388779222474, 13.068354607929141, 3.0464733709651894, 5.027385006143852, 3.9887466703213965, 2.5066710992868604, 3.8263298341883702, 23.203248351283428]",[0.243493],2
1351651158.0,steps_tsp_current_occupancy_with_replanning,69.98,"[('vertex3', 0), ('vertex4', 0), ('vertex2', 0), ('vertex5', 1), ('vertex6', 0), ('vertex7', 0), ('vertex8', 0), ('vertex9', 0), ('vertex10', 0), ('vertex11', 2)]",0:00:00.243416,"[3.734836007109285, 5.886977153004757, 5.755388779222474, 13.068354607929141, 3.0464733709651894, 5.027385006143852, 3.9887466703213965, 2.5066710992868604, 3.8263298341883702, 23.203248351283428]",[0.243416],5
1351651158.0,steps_tsp_current_occupancy_with_replanning,69.98,"[('vertex3', 0), ('vertex4', 0), ('vertex2', 0), ('vertex5', 1), ('vertex6', 0), ('vertex7', 0), ('vertex8', 0), ('vertex9', 0), ('vertex10', 0), ('vertex11', 2)]",0:00:00.245551,"[3.734836007109285, 5.886977153004757, 5.755388779222474, 13.068354607929141, 3.0464733709651894, 5.027385006143852, 3.9887466703213965, 2.5066710992868604, 3.8263298341883702, 23.203248351283428]",[0.245551],8
1351643063.064,steps_tsp_current_occupancy_with_replanning,49.98,"[('vertex3', 0), ('vertex4', 0), ('vertex2', 0), ('vertex5', 0), ('vertex6', 0), ('vertex7', 0), ('vertex8', 1), ('vertex9', 0), ('vertex10', 0), ('vertex11', 0)]",0:00:00.124270,"[3.734836007109285, 5.886977153004757, 5.755388779222474, 3.068354607929142, 3.0464733709651894, 5.027385006143852, 13.988746670321397, 2.5066710992868604, 3.8263298341883702, 3.203248351283426]",[0.12427],2
1351643063.064,steps_tsp_current_occupancy_with_replanning,49.98,"[('vertex3', 0), ('vertex4', 0), ('vertex2', 0), ('vertex5', 0), ('vertex6', 0), ('vertex7', 0), ('vertex8', 1), ('vertex9', 0), ('vertex10', 0), ('vertex11', 0)]",0:00:00.139249,"[3.734836007109285, 5.886977153004757, 5.755388779222474, 3.068354607929142, 3.0464733709651894, 5.027385006143852, 13.988746670321397, 2.5066710992868604, 3.8263298341883702, 3.203248351283426]",[0.139249],5
1351643063.064,steps_tsp_current_occupancy_with_replanning,49.98,"[('vertex3', 0), ('vertex4', 0), ('vertex2', 0), ('vertex5', 0), ('vertex6', 0), ('vertex7', 0), ('vertex8', 1), ('vertex9', 0), ('vertex10', 0), ('vertex11', 0)]",0:00:00.123302,"[3.734836007109285, 5.886977153004757, 5.755388779222474, 3.068354607929142, 3.0464733709651894, 5.027385006143852, 13.988746670321397, 2.5066710992868604, 3.8263298341883702, 3.203248351283426]",[0.123302],8
1351647438.026,steps_tsp_current_occupancy_with_replanning,39.98,"[('vertex3', 0), ('vertex4', 0), ('vertex2', 0), ('vertex5', 0), ('vertex6', 0), ('vertex7', 0), ('vertex8', 0), ('vertex9', 0), ('vertex10', 0), ('vertex11', 0)]",0:00:00.215040,"[3.734836007109285, 5.886977153004757, 5.755388779222474, 3.068354607929142, 3.0464733709651894, 5.027385006143852, 3.9887466703213965, 2.5066710992868604, 3.8263298341883702, 3.203248351283426]",[0.21504],2
1351647438.026,steps_tsp_current_occupancy_with_replanning,39.98,"[('vertex3', 0), ('vertex4', 0), ('vertex2', 0), ('vertex5', 0), ('vertex6', 0), ('vertex7', 0), ('vertex8', 0), ('vertex9', 0), ('vertex10', 0), ('vertex11', 0)]",0:00:00.229154,"[3.734836007109285, 5.886977153004757, 5.755388779222474, 3.068354607929142, 3.0464733709651894, 5.027385006143852, 3.9887466703213965, 2.5066710992868604, 3.8263298341883702, 3.203248351283426]",[0.229154],5
1351647438.026,steps_tsp_current_occupancy_with_replanning,39.98,"[('vertex3', 0), ('vertex4', 0), ('vertex2', 0), ('vertex5', 0), ('vertex6', 0), ('vertex7', 0), ('vertex8', 0), ('vertex9', 0), ('vertex10', 0), ('vertex11', 0)]",0:00:00.219615,"[3.734836007109285, 5.886977153004757, 5.755388779222474, 3.068354607929142, 3.0464733709651894, 5.027385006143852, 3.9887466703213965, 2.5066710992868604, 3.8263298341883702, 3.203248351283426]",[0.219615],8
1351651316.591,steps_tsp_current_occupancy_with_replanning,59.98,"[('vertex3', 0), ('vertex4', 0), ('vertex2', 0), ('vertex5', 0), ('vertex6', 0), ('vertex7', 0), ('vertex8', 0), ('vertex9', 2), ('vertex10', 0), ('vertex11', 0)]",0:00:00.259747,"[3.734836007109285, 5.886977153004757, 5.755388779222474, 3.068354607929142, 3.0464733709651894, 5.027385006143852, 3.9887466703213965, 22.506671099286862, 3.8263298341883702, 3.203248351283426]",[0.259747],2
1351651316.591,steps_tsp_current_occupancy_with_replanning,59.98,"[('vertex3', 0), ('vertex4', 0), ('vertex2', 0), ('vertex5', 0), ('vertex6', 0), ('vertex7', 0), ('vertex8', 0), ('vertex9', 2), ('vertex10', 0), ('vertex11', 0)]",0:00:00.257813,"[3.734836007109285, 5.886977153004757, 5.755388779222474, 3.068354607929142, 3.0464733709651894, 5.027385006143852, 3.9887466703213965, 22.506671099286862, 3.8263298341883702, 3.203248351283426]",[0.257813],5
1351651316.591,steps_tsp_current_occupancy_with_replanning,59.98,"[('vertex3', 0), ('vertex4', 0), ('vertex2', 0), ('vertex5', 0), ('vertex6', 0), ('vertex7', 0), ('vertex8', 0), ('vertex9', 2), ('vertex10', 0), ('vertex11', 0)]",0:00:00.266574,"[3.734836007109285, 5.886977153004757, 5.755388779222474, 3.068354607929142, 3.0464733709651894, 5.027385006143852, 3.9887466703213965, 22.506671099286862, 3.8263298341883702, 3.203248351283426]",[0.266574],8
1351644992.298,steps_tsp_current_occupancy_with_replanning,49.98,"[('vertex3', 0), ('vertex4', 0), ('vertex2', 0), ('vertex5', 0), ('vertex6', 0), ('vertex7', 1), ('vertex8', 0), ('vertex9', 0), ('vertex10', 0), ('vertex11', 0)]",0:00:00.150148,"[3.734836007109285, 5.886977153004757, 5.755388779222474, 3.068354607929142, 3.0464733709651894, 15.027385006143852, 3.9887466703213965, 2.5066710992868604, 3.8263298341883702, 3.203248351283426]",[0.150148],2
1351644992.298,steps_tsp_current_occupancy_with_replanning,49.98,"[('vertex3', 0), ('vertex4', 0), ('vertex2', 0), ('vertex5', 0), ('vertex6', 0), ('vertex7', 1), ('vertex8', 0), ('vertex9', 0), ('vertex10', 0), ('vertex11', 0)]",0:00:00.160173,"[3.734836007109285, 5.886977153004757, 5.755388779222474, 3.068354607929142, 3.0464733709651894, 15.027385006143852, 3.9887466703213965, 2.5066710992868604, 3.8263298341883702, 3.203248351283426]",[0.160173],5
1351644992.298,steps_tsp_current_occupancy_with_replanning,49.98,"[('vertex3', 0), ('vertex4', 0), ('vertex2', 0), ('vertex5', 0), ('vertex6', 0), ('vertex7', 1), ('vertex8', 0), ('vertex9', 0), ('vertex10', 0), ('vertex11', 0)]",0:00:00.141565,"[3.734836007109285, 5.886977153004757, 5.755388779222474, 3.068354607929142, 3.0464733709651894, 15.027385006143852, 3.9887466703213965, 2.5066710992868604, 3.8263298341883702, 3.203248351283426]",[0.141565],8
1351648037.488,steps_tsp_current_occupancy_with_replanning,49.98,"[('vertex3', 0), ('vertex4', 0), ('vertex2', 0), ('vertex5', 0), ('vertex6', 0), ('vertex7', 0), ('vertex8', 0), ('vertex9', 1), ('vertex10', 0), ('vertex11', 0)]",0:00:00.176245,"[3.734836007109285, 5.886977153004757, 5.755388779222474, 3.068354607929142, 3.0464733709651894, 5.027385006143852, 3.9887466703213965, 12.50667109928686, 3.8263298341883702, 3.203248351283426]",[0.176245],2
1351648037.488,steps_tsp_current_occupancy_with_replanning,49.98,"[('vertex3', 0), ('vertex4', 0), ('vertex2', 0), ('vertex5', 0), ('vertex6', 0), ('vertex7', 0), ('vertex8', 0), ('vertex9', 1), ('vertex10', 0), ('vertex11', 0)]",0:00:00.206324,"[3.734836007109285, 5.886977153004757, 5.755388779222474, 3.068354607929142, 3.0464733709651894, 5.027385006143852, 3.9887466703213965, 12.50667109928686, 3.8263298341883702, 3.203248351283426]",[0.206324],5
1351648037.488,steps_tsp_current_occupancy_with_replanning,49.98,"[('vertex3', 0), ('vertex4', 0), ('vertex2', 0), ('vertex5', 0), ('vertex6', 0), ('vertex7', 0), ('vertex8', 0), ('vertex9', 1), ('vertex10', 0), ('vertex11', 0)]",0:00:00.175053,"[3.734836007109285, 5.886977153004757, 5.755388779222474, 3.068354607929142, 3.0464733709651894, 5.027385006143852, 3.9887466703213965, 12.50667109928686, 3.8263298341883702, 3.203248351283426]",[0.175053],8
1351650953.42,steps_tsp_current_occupancy_with_replanning,79.98,"[('vertex3', 0), ('vertex4', 0), ('vertex2', 0), ('vertex5', 2), ('vertex6', 0), ('vertex7', 0), ('vertex8', 0), ('vertex9', 1), ('vertex10', 1), ('vertex11', 0)]",0:00:00.203804,"[3.734836007109285, 5.886977153004757, 5.755388779222474, 23.06835460792914, 3.0464733709651894, 5.027385006143852, 3.9887466703213965, 12.50667109928686, 13.826329834188371, 3.203248351283426]",[0.203804],2
1351650953.42,steps_tsp_current_occupancy_with_replanning,79.98,"[('vertex3', 0), ('vertex4', 0), ('vertex2', 0), ('vertex5', 2), ('vertex6', 0), ('vertex7', 0), ('vertex8', 0), ('vertex9', 1), ('vertex10', 1), ('vertex11', 0)]",0:00:00.222395,"[3.734836007109285, 5.886977153004757, 5.755388779222474, 23.06835460792914, 3.0464733709651894, 5.027385006143852, 3.9887466703213965, 12.50667109928686, 13.826329834188371, 3.203248351283426]",[0.222395],5
1351650953.42,steps_tsp_current_occupancy_with_replanning,79.98,"[('vertex3', 0), ('vertex4', 0), ('vertex2', 0), ('vertex5', 2), ('vertex6', 0), ('vertex7', 0), ('vertex8', 0), ('vertex9', 1), ('vertex10', 1), ('vertex11', 0)]",0:00:00.198915,"[3.734836007109285, 5.886977153004757, 5.755388779222474, 23.06835460792914, 3.0464733709651894, 5.027385006143852, 3.9887466703213965, 12.50667109928686, 13.826329834188371, 3.203248351283426]",[0.198915],8
1351648165.169,steps_tsp_current_occupancy_with_replanning,89.98,"[('vertex3', 0), ('vertex4', 0), ('vertex2', 0), ('vertex5', 0), ('vertex6', 0), ('vertex7', 0), ('vertex8', 0), ('vertex9', 1), ('vertex10', 1), ('vertex11', 3)]",0:00:00.210330,"[3.734836007109285, 5.886977153004757, 5.755388779222474, 3.068354607929142, 3.0464733709651894, 5.027385006143852, 3.9887466703213965, 12.50667109928686, 13.826329834188371, 33.20324835128343]",[0.21033],2
1351648165.169,steps_tsp_current_occupancy_with_replanning,89.98,"[('vertex3', 0), ('vertex4', 0), ('vertex2', 0), ('vertex5', 0), ('vertex6', 0), ('vertex7', 0), ('vertex8', 0), ('vertex9', 1), ('vertex10', 1), ('vertex11', 3)]",0:00:00.215281,"[3.734836007109285, 5.886977153004757, 5.755388779222474, 3.068354607929142, 3.0464733709651894, 5.027385006143852, 3.9887466703213965, 12.50667109928686, 13.826329834188371, 33.20324835128343]",[0.215281],5
1351648165.169,steps_tsp_current_occupancy_with_replanning,89.98,"[('vertex3', 0), ('vertex4', 0), ('vertex2', 0), ('vertex5', 0), ('vertex6', 0), ('vertex7', 0), ('vertex8', 0), ('vertex9', 1), ('vertex10', 1), ('vertex11', 3)]",0:00:00.215089,"[3.734836007109285, 5.886977153004757, 5.755388779222474, 3.068354607929142, 3.0464733709651894, 5.027385006143852, 3.9887466703213965, 12.50667109928686, 13.826329834188371, 33.20324835128343]",[0.215089],8
1351643001.929,steps_tsp_current_occupancy_with_replanning,39.98,"[('vertex3', 0), ('vertex4', 0), ('vertex2', 0), ('vertex5', 0), ('vertex6', 0), ('vertex7', 0), ('vertex8', 0), ('vertex9', 0), ('vertex10', 0), ('vertex11', 0)]",0:00:00.180329,"[3.734836007109285, 5.886977153004757, 5.755388779222474, 3.068354607929142, 3.0464733709651894, 5.027385006143852, 3.9887466703213965, 2.5066710992868604, 3.8263298341883702, 3.203248351283426]",[0.180329],2
1351643001.929,steps_tsp_current_occupancy_with_replanning,39.98,"[('vertex3', 0), ('vertex4', 0), ('vertex2', 0), ('vertex5', 0), ('vertex6', 0), ('vertex7', 0), ('vertex8', 0), ('vertex9', 0), ('vertex10', 0), ('vertex11', 0)]",0:00:00.164742,"[3.734836007109285, 5.886977153004757, 5.755388779222474, 3.068354607929142, 3.0464733709651894, 5.027385006143852, 3.9887466703213965, 2.5066710992868604, 3.8263298341883702, 3.203248351283426]",[0.164742],5
1351643001.929,steps_tsp_current_occupancy_with_replanning,39.98,"[('vertex3', 0), ('vertex4', 0), ('vertex2', 0), ('vertex5', 0), ('vertex6', 0), ('vertex7', 0), ('vertex8', 0), ('vertex9', 0), ('vertex10', 0), ('vertex11', 0)]",0:00:00.182085,"[3.734836007109285, 5.886977153004757, 5.755388779222474, 3.068354607929142, 3.0464733709651894, 5.027385006143852, 3.9887466703213965, 2.5066710992868604, 3.8263298341883702, 3.203248351283426]",[0.182085],8
1351648130.394,steps_tsp_current_occupancy_with_replanning,89.98,"[('vertex3', 0), ('vertex4', 0), ('vertex2', 0), ('vertex5', 1), ('vertex6', 2), ('vertex7', 0), ('vertex8', 0), ('vertex9', 0), ('vertex10', 0), ('vertex11', 2)]",0:00:00.242712,"[3.734836007109285, 5.886977153004757, 5.755388779222474, 13.068354607929141, 23.046473370965188, 5.027385006143852, 3.9887466703213965, 2.5066710992868604, 3.8263298341883702, 23.203248351283428]",[0.242712],2
1351648130.394,steps_tsp_current_occupancy_with_replanning,89.98,"[('vertex3', 0), ('vertex4', 0), ('vertex2', 0), ('vertex5', 1), ('vertex6', 2), ('vertex7', 0), ('vertex8', 0), ('vertex9', 0), ('vertex10', 0), ('vertex11', 2)]",0:00:00.230126,"[3.734836007109285, 5.886977153004757, 5.755388779222474, 13.068354607929141, 23.046473370965188, 5.027385006143852, 3.9887466703213965, 2.5066710992868604, 3.8263298341883702, 23.203248351283428]",[0.230126],5
1351648130.394,steps_tsp_current_occupancy_with_replanning,89.98,"[('vertex3', 0), ('vertex4', 0), ('vertex2', 0), ('vertex5', 1), ('vertex6', 2), ('vertex7', 0), ('vertex8', 0), ('vertex9', 0), ('vertex10', 0), ('vertex11', 2)]",0:00:00.225018,"[3.734836007109285, 5.886977153004757, 5.755388779222474, 13.068354607929141, 23.046473370965188, 5.027385006143852, 3.9887466703213965, 2.5066710992868604, 3.8263298341883702, 23.203248351283428]",[0.225018],8
1351642699.771,steps_tsp_current_occupancy_with_replanning,39.98,"[('vertex3', 0), ('vertex4', 0), ('vertex2', 0), ('vertex5', 0), ('vertex6', 0), ('vertex7', 0), ('vertex8', 0), ('vertex9', 0), ('vertex10', 0), ('vertex11', 0)]",0:00:00.121806,"[3.734836007109285, 5.886977153004757, 5.755388779222474, 3.068354607929142, 3.0464733709651894, 5.027385006143852, 3.9887466703213965, 2.5066710992868604, 3.8263298341883702, 3.203248351283426]",[0.121806],2
1351642699.771,steps_tsp_current_occupancy_with_replanning,39.98,"[('vertex3', 0), ('vertex4', 0), ('vertex2', 0), ('vertex5', 0), ('vertex6', 0), ('vertex7', 0), ('vertex8', 0), ('vertex9', 0), ('vertex10', 0), ('vertex11', 0)]",0:00:00.115879,"[3.734836007109285, 5.886977153004757, 5.755388779222474, 3.068354607929142, 3.0464733709651894, 5.027385006143852, 3.9887466703213965, 2.5066710992868604, 3.8263298341883702, 3.203248351283426]",[0.115879],5
1351642699.771,steps_tsp_current_occupancy_with_replanning,39.98,"[('vertex3', 0), ('vertex4', 0), ('vertex2', 0), ('vertex5', 0), ('vertex6', 0), ('vertex7', 0), ('vertex8', 0), ('vertex9', 0), ('vertex10', 0), ('vertex11', 0)]",0:00:00.123524,"[3.734836007109285, 5.886977153004757, 5.755388779222474, 3.068354607929142, 3.0464733709651894, 5.027385006143852, 3.9887466703213965, 2.5066710992868604, 3.8263298341883702, 3.203248351283426]",[0.123524],8
1351650881.671,steps_tsp_current_occupancy_with_replanning,59.98,"[('vertex3', 0), ('vertex4', 0), ('vertex2', 0), ('vertex5', 0), ('vertex6', 1), ('vertex7', 0), ('vertex8', 0), ('vertex9', 0), ('vertex10', 1), ('vertex11', 0)]",0:00:00.242771,"[3.734836007109285, 5.886977153004757, 5.755388779222474, 3.068354607929142, 13.04647337096519, 5.027385006143852, 3.9887466703213965, 2.5066710992868604, 13.826329834188371, 3.203248351283426]",[0.242771],2
1351650881.671,steps_tsp_current_occupancy_with_replanning,59.98,"[('vertex3', 0), ('vertex4', 0), ('vertex2', 0), ('vertex5', 0), ('vertex6', 1), ('vertex7', 0), ('vertex8', 0), ('vertex9', 0), ('vertex10', 1), ('vertex11', 0)]",0:00:00.237820,"[3.734836007109285, 5.886977153004757, 5.755388779222474, 3.068354607929142, 13.04647337096519, 5.027385006143852, 3.9887466703213965, 2.5066710992868604, 13.826329834188371, 3.203248351283426]",[0.23782],5
1351650881.671,steps_tsp_current_occupancy_with_replanning,59.98,"[('vertex3', 0), ('vertex4', 0), ('vertex2', 0), ('vertex5', 0), ('vertex6', 1), ('vertex7', 0), ('vertex8', 0), ('vertex9', 0), ('vertex10', 1), ('vertex11', 0)]",0:00:00.232314,"[3.734836007109285, 5.886977153004757, 5.755388779222474, 3.068354607929142, 13.04647337096519, 5.027385006143852, 3.9887466703213965, 2.5066710992868604, 13.826329834188371, 3.203248351283426]",[0.232314],8
1351644687.166,steps_tsp_current_occupancy_with_replanning,39.98,"[('vertex3', 0), ('vertex4', 0), ('vertex2', 0), ('vertex5', 0), ('vertex6', 0), ('vertex7', 0), ('vertex8', 0), ('vertex9', 0), ('vertex10', 0), ('vertex11', 0)]",0:00:00.156741,"[3.734836007109285, 5.886977153004757, 5.755388779222474, 3.068354607929142, 3.0464733709651894, 5.027385006143852, 3.9887466703213965, 2.5066710992868604, 3.8263298341883702, 3.203248351283426]",[0.156741],2
1351644687.166,steps_tsp_current_occupancy_with_replanning,39.98,"[('vertex3', 0), ('vertex4', 0), ('vertex2', 0), ('vertex5', 0), ('vertex6', 0), ('vertex7', 0), ('vertex8', 0), ('vertex9', 0), ('vertex10', 0), ('vertex11', 0)]",0:00:00.168971,"[3.734836007109285, 5.886977153004757, 5.755388779222474, 3.068354607929142, 3.0464733709651894, 5.027385006143852, 3.9887466703213965, 2.5066710992868604, 3.8263298341883702, 3.203248351283426]",[0.168971],5
1351644687.166,steps_tsp_current_occupancy_with_replanning,39.98,"[('vertex3', 0), ('vertex4', 0), ('vertex2', 0), ('vertex5', 0), ('vertex6', 0), ('vertex7', 0), ('vertex8', 0), ('vertex9', 0), ('vertex10', 0), ('vertex11', 0)]",0:00:00.167317,"[3.734836007109285, 5.886977153004757, 5.755388779222474, 3.068354607929142, 3.0464733709651894, 5.027385006143852, 3.9887466703213965, 2.5066710992868604, 3.8263298341883702, 3.203248351283426]",[0.167317],8
1351642504.783,steps_tsp_current_occupancy_with_replanning,99.98,"[('vertex3', 0), ('vertex4', 0), ('vertex2', 0), ('vertex5', 4), ('vertex6', 0), ('vertex7', 0), ('vertex8', 1), ('vertex9', 0), ('vertex10', 1), ('vertex11', 0)]",0:00:00.182893,"[3.734836007109285, 5.886977153004757, 5.755388779222474, 43.068354607929145, 3.0464733709651894, 5.027385006143852, 13.988746670321397, 2.5066710992868604, 13.826329834188371, 3.203248351283426]",[0.182893],2
1351642504.783,steps_tsp_current_occupancy_with_replanning,99.98,"[('vertex3', 0), ('vertex4', 0), ('vertex2', 0), ('vertex5', 4), ('vertex6', 0), ('vertex7', 0), ('vertex8', 1), ('vertex9', 0), ('vertex10', 1), ('vertex11', 0)]",0:00:00.173084,"[3.734836007109285, 5.886977153004757, 5.755388779222474, 43.068354607929145, 3.0464733709651894, 5.027385006143852, 13.988746670321397, 2.5066710992868604, 13.826329834188371, 3.203248351283426]",[0.173084],5
1351642504.783,steps_tsp_current_occupancy_with_replanning,99.98,"[('vertex3', 0), ('vertex4', 0), ('vertex2', 0), ('vertex5', 4), ('vertex6', 0), ('vertex7', 0), ('vertex8', 1), ('vertex9', 0), ('vertex10', 1), ('vertex11', 0)]",0:00:00.177172,"[3.734836007109285, 5.886977153004757, 5.755388779222474, 43.068354607929145, 3.0464733709651894, 5.027385006143852, 13.988746670321397, 2.5066710992868604, 13.826329834188371, 3.203248351283426]",[0.177172],8
1351647575.408,steps_tsp_current_occupancy_with_replanning,49.98,"[('vertex3', 0), ('vertex4', 0), ('vertex2', 0), ('vertex5', 0), ('vertex6', 0), ('vertex7', 0), ('vertex8', 0), ('vertex9', 0), ('vertex10', 0), ('vertex11', 1)]",0:00:00.199775,"[3.734836007109285, 5.886977153004757, 5.755388779222474, 3.068354607929142, 3.0464733709651894, 5.027385006143852, 3.9887466703213965, 2.5066710992868604, 3.8263298341883702, 13.203248351283426]",[0.199775],2
1351647575.408,steps_tsp_current_occupancy_with_replanning,49.98,"[('vertex3', 0), ('vertex4', 0), ('vertex2', 0), ('vertex5', 0), ('vertex6', 0), ('vertex7', 0), ('vertex8', 0), ('vertex9', 0), ('vertex10', 0), ('vertex11', 1)]",0:00:00.207342,"[3.734836007109285, 5.886977153004757, 5.755388779222474, 3.068354607929142, 3.0464733709651894, 5.027385006143852, 3.9887466703213965, 2.5066710992868604, 3.8263298341883702, 13.203248351283426]",[0.207342],5
1351647575.408,steps_tsp_current_occupancy_with_replanning,49.98,"[('vertex3', 0), ('vertex4', 0), ('vertex2', 0), ('vertex5', 0), ('vertex6', 0), ('vertex7', 0), ('vertex8', 0), ('vertex9', 0), ('vertex10', 0), ('vertex11', 1)]",0:00:00.202143,"[3.734836007109285, 5.886977153004757, 5.755388779222474, 3.068354607929142, 3.0464733709651894, 5.027385006143852, 3.9887466703213965, 2.5066710992868604, 3.8263298341883702, 13.203248351283426]",[0.202143],8
1351649017.308,steps_tsp_current_occupancy_with_replanning,39.98,"[('vertex3', 0), ('vertex4', 0), ('vertex2', 0), ('vertex5', 0), ('vertex6', 0), ('vertex7', 0), ('vertex8', 0), ('vertex9', 0), ('vertex10', 0), ('vertex11', 0)]",0:00:00.170073,"[3.734836007109285, 5.886977153004757, 5.755388779222474, 3.068354607929142, 3.0464733709651894, 5.027385006143852, 3.9887466703213965, 2.5066710992868604, 3.8263298341883702, 3.203248351283426]",[0.170073],2
1351649017.308,steps_tsp_current_occupancy_with_replanning,39.98,"[('vertex3', 0), ('vertex4', 0), ('vertex2', 0), ('vertex5', 0), ('vertex6', 0), ('vertex7', 0), ('vertex8', 0), ('vertex9', 0), ('vertex10', 0), ('vertex11', 0)]",0:00:00.171640,"[3.734836007109285, 5.886977153004757, 5.755388779222474, 3.068354607929142, 3.0464733709651894, 5.027385006143852, 3.9887466703213965, 2.5066710992868604, 3.8263298341883702, 3.203248351283426]",[0.17164],5
1351649017.308,steps_tsp_current_occupancy_with_replanning,39.98,"[('vertex3', 0), ('vertex4', 0), ('vertex2', 0), ('vertex5', 0), ('vertex6', 0), ('vertex7', 0), ('vertex8', 0), ('vertex9', 0), ('vertex10', 0), ('vertex11', 0)]",0:00:00.166004,"[3.734836007109285, 5.886977153004757, 5.755388779222474, 3.068354607929142, 3.0464733709651894, 5.027385006143852, 3.9887466703213965, 2.5066710992868604, 3.8263298341883702, 3.203248351283426]",[0.166004],8
1351648301.82,steps_tsp_current_occupancy_with_replanning,59.98,"[('vertex3', 0), ('vertex4', 0), ('vertex2', 0), ('vertex5', 2), ('vertex6', 0), ('vertex7', 0), ('vertex8', 0), ('vertex9', 0), ('vertex10', 0), ('vertex11', 0)]",0:00:00.205996,"[3.734836007109285, 5.886977153004757, 5.755388779222474, 23.06835460792914, 3.0464733709651894, 5.027385006143852, 3.9887466703213965, 2.5066710992868604, 3.8263298341883702, 3.203248351283426]",[0.205996],2
1351648301.82,steps_tsp_current_occupancy_with_replanning,59.98,"[('vertex3', 0), ('vertex4', 0), ('vertex2', 0), ('vertex5', 2), ('vertex6', 0), ('vertex7', 0), ('vertex8', 0), ('vertex9', 0), ('vertex10', 0), ('vertex11', 0)]",0:00:00.207017,"[3.734836007109285, 5.886977153004757, 5.755388779222474, 23.06835460792914, 3.0464733709651894, 5.027385006143852, 3.9887466703213965, 2.5066710992868604, 3.8263298341883702, 3.203248351283426]",[0.207017],5
1351648301.82,steps_tsp_current_occupancy_with_replanning,59.98,"[('vertex3', 0), ('vertex4', 0), ('vertex2', 0), ('vertex5', 2), ('vertex6', 0), ('vertex7', 0), ('vertex8', 0), ('vertex9', 0), ('vertex10', 0), ('vertex11', 0)]",0:00:00.210396,"[3.734836007109285, 5.886977153004757, 5.755388779222474, 23.06835460792914, 3.0464733709651894, 5.027385006143852, 3.9887466703213965, 2.5066710992868604, 3.8263298341883702, 3.203248351283426]",[0.210396],8
1351649616.224,steps_tsp_current_occupancy_with_replanning,39.98,"[('vertex3', 0), ('vertex4', 0), ('vertex2', 0), ('vertex5', 0), ('vertex6', 0), ('vertex7', 0), ('vertex8', 0), ('vertex9', 0), ('vertex10', 0), ('vertex11', 0)]",0:00:00.192802,"[3.734836007109285, 5.886977153004757, 5.755388779222474, 3.068354607929142, 3.0464733709651894, 5.027385006143852, 3.9887466703213965, 2.5066710992868604, 3.8263298341883702, 3.203248351283426]",[0.192802],2
1351649616.224,steps_tsp_current_occupancy_with_replanning,39.98,"[('vertex3', 0), ('vertex4', 0), ('vertex2', 0), ('vertex5', 0), ('vertex6', 0), ('vertex7', 0), ('vertex8', 0), ('vertex9', 0), ('vertex10', 0), ('vertex11', 0)]",0:00:00.199080,"[3.734836007109285, 5.886977153004757, 5.755388779222474, 3.068354607929142, 3.0464733709651894, 5.027385006143852, 3.9887466703213965, 2.5066710992868604, 3.8263298341883702, 3.203248351283426]",[0.19908],5
1351649616.224,steps_tsp_current_occupancy_with_replanning,39.98,"[('vertex3', 0), ('vertex4', 0), ('vertex2', 0), ('vertex5', 0), ('vertex6', 0), ('vertex7', 0), ('vertex8', 0), ('vertex9', 0), ('vertex10', 0), ('vertex11', 0)]",0:00:00.198626,"[3.734836007109285, 5.886977153004757, 5.755388779222474, 3.068354607929142, 3.0464733709651894, 5.027385006143852, 3.9887466703213965, 2.5066710992868604, 3.8263298341883702, 3.203248351283426]",[0.198626],8
1351642239.57,steps_tsp_current_occupancy_with_replanning,69.98,"[('vertex3', 0), ('vertex4', 0), ('vertex2', 0), ('vertex5', 2), ('vertex6', 0), ('vertex7', 0), ('vertex8', 0), ('vertex9', 1), ('vertex10', 0), ('vertex11', 0)]",0:00:00.127647,"[3.734836007109285, 5.886977153004757, 5.755388779222474, 23.06835460792914, 3.0464733709651894, 5.027385006143852, 3.9887466703213965, 12.50667109928686, 3.8263298341883702, 3.203248351283426]",[0.127647],2
1351642239.57,steps_tsp_current_occupancy_with_replanning,69.98,"[('vertex3', 0), ('vertex4', 0), ('vertex2', 0), ('vertex5', 2), ('vertex6', 0), ('vertex7', 0), ('vertex8', 0), ('vertex9', 1), ('vertex10', 0), ('vertex11', 0)]",0:00:00.133420,"[3.734836007109285, 5.886977153004757, 5.755388779222474, 23.06835460792914, 3.0464733709651894, 5.027385006143852, 3.9887466703213965, 12.50667109928686, 3.8263298341883702, 3.203248351283426]",[0.13342],5
1351642239.57,steps_tsp_current_occupancy_with_replanning,69.98,"[('vertex3', 0), ('vertex4', 0), ('vertex2', 0), ('vertex5', 2), ('vertex6', 0), ('vertex7', 0), ('vertex8', 0), ('vertex9', 1), ('vertex10', 0), ('vertex11', 0)]",0:00:00.117097,"[3.734836007109285, 5.886977153004757, 5.755388779222474, 23.06835460792914, 3.0464733709651894, 5.027385006143852, 3.9887466703213965, 12.50667109928686, 3.8263298341883702, 3.203248351283426]",[0.117097],8
